Year,Decade,Song Title,Artist,Soloist,Saxophone Type
1955,1950s,The Great Pretender,The Platters,Plas Johnson,Tenor
1955,1950s,Mambo Rock,Bill Haley and his Comets,Joey D'Ambrosia,Tenor
1955,1950s,"Ling, Ting, Tong",The Five Keys,Unknown,Tenor
1955,1950s,(We're Gonna) Rock Around the Clock,Bill Haley and His Comets,Joey D'Ambrosia,Tenor
1955,1950s,All By Myself,Fats Domino,Herb Hardesty,Tenor
1955,1950s,Ain't That a Shame,Pat Boone,Unknown,Tenor
1955,1950s,Ain't That a Shame,Fats Domino,Wendell Duconge,Alto
1955,1950s,At My Front Door,Pat Boone,Unknown,Tenor
1955,1950s,At My Front Door,El Dorados,Red Holloway,Tenor
1955,1950s,Blue Velvet,The Clovers,Sam “The Man” Taylor,Tenor
1955,1950s,Birth of the Boogie,Bill Haley and his Comets,Joey D'Ambrosia,Tenor
1955,1950s,Burn that Candle,Bill Haley and his Comets,Rudy Pompilli,Tenor
1955,1950s,Cherry Pink And Apple Blossom White,Perez Prado Orchestra,Unknown,Sax Section
1955,1950s,Daddy-O,The Fontane Sisters,Unknown,Tenor
1955,1950s,Don't Be Angry,Nappy Brown,Budd Johnson Or Sam Taylor,Tenor
1955,1950s,"Dim, Dim the Lights",Bill Haley and his Comets,Joey D'Ambrosia,Tenor
1955,1950s,Everyday I Have The Blues,COUNT BASIE with vocal by,"Joe Williams. Saxophone Section; F. Wess, C. Fowlkes, W. Graham, F. Foster, M. Royal",Sax Section
1955,1950s,Flip Flop And Fly,Big Joe Turner,Al Sears,Tenor
1955,1950s,Gee Whittakers,The Five Keys,Unknown,Tenor
1955,1950s,Gee Whittakers,Pat Boone,Unknown,Tenor
1955,1950s,Good Rockin' Daddy,Etta James,Unknown,Alto
1955,1950s,Hands Off,Jay McShann's Orchestra & Priscilla Bowman,Unknown,Tenor
1955,1950s,Hard To Get,Gisele Mackenzie,Unknown,Alto
1955,1950s,Hearts Of Stone,The Charms,Unknown,Tenor
1955,1950s,Hearts Of Stone,The Fontane Sisters,Unknown,Tenor
1955,1950s,Hide And Seek,Big Joe Turner,Al Sears,Tenor
1955,1950s,I Can't Go On,Fats Domino,Lee Allen,Tenor
1955,1950s,It's Love Baby,Louis Brooks And His High Toppers,Featuring Vocal By Earl Gaines,Tenor
1955,1950s,Ko Ko Mo (I Love YoU So),Perry Como,Unknown,Tenor
1955,1950s,"Ling, Ting, Tong",Charms,Unknown,Tenor
1955,1950s,My Boy Flat Top,Dorothy Collins,Unknown,Tenor
1955,1950s,My Boy Flat Top–,Boyd Bennett And His Rockets,Bobby Jones,Alto
1955,1950s,Melody of Love,David Carroll AND HIS ORCHESTRA,Howard Davis,Alto
1955,1950s,Melody of Love,Four Aces,Unknown,Alto
1955,1950s,Melody of Love,Frank Sinatra & Ray Anthony,"Skeets Herfurt, Wilbur Schwartz , Leo Anthony ,",Sax Section
1955,1950s,Melody of Love,Inkspots,Unknown,Alto
1955,1950s,Melody of Love,Billy Vaughn ORCHESTRA,Justin Gordon,Alto
1955,1950s,Nip Sip,The Clovers,Big Al Sears,Tenor
1955,1950s,Only You (And You Alone),The Platters,Plas Johnson,Tenor
1955,1950s,Poor Me,Fats Domino,Lee Allen,Tenor
1955,1950s,Rock Love,The Fontane Sisters,Unknown,Tenor
1955,1950s,Razzle-Dazzle,Bill Haley and his Comets,Joey D'Ambrosia,Tenor
1955,1950s,Rock-a-Beatin' Boogie,Bill Haley and his Comets,Rudy Pompilli,Tenor
1955,1950s,Seventeen,The Fontane Sisters,Unknown,Tenor
1955,1950s,Seventeen,Boyd Bennett And His Rockets,Bobby Jones,Alto
1955,1950s,Sincerely,McGuire Sisters,Unknown,Baritone
1955,1950s,The Wallflower,Etta James And “The Peaches” Maxwell Davis,Unknown,Tenor
1955,1950s,The Kentuckian Song,The HilltopperS,Unknown,Alto
1955,1950s,Tweedlee Dee,Lavern Baker,Sam “The Man” Taylor,Tenor
1955,1950s,Two Hound Dogs,Bill Haley and his Comets,Joey D'Ambrosia,Tenor
1955,1950s,Whatcha Gonna Do,The Drifters,"Sam ""The Man"" Taylor",Tenor
1955,1950s,Yes Sir That's My Baby,Sensations,Sam “The Man” Taylor,Tenor
1955,1950s,"Two Hearts, Two Kisses (Make One Love)",Pat Boone,Unknown,Tenor
1955,1950s,"Two Hearts, Two Kisses (Make One Love)",Otis Williams And The Charms,Unknown,Tenor
1956,1950s,She's Got It,Little Richard,Unknown,Tenor
1956,1950s,Tutti-Frutti,Little Richard,Lee Allen,Tenor
1956,1950s,Rip It Up,Little Richard,Lee Allen,Tenor
1956,1950s,Rip It Up,Bill Haley and His Comets,Rudy Pompilli,Tenor
1956,1950s,The Girl Can't Help It,Little Richard,Lee Allen,Tenor
1956,1950s,(Uk 29) Honey Chile,Fats Domino,Herb Hardesty,Tenor
1956,1950s,A Tear Fell,Teresa Brewer,Unknown,Alto
1956,1950s,After The Lights Go Down Low,Al Hibbler,"Sam ""The Man"" Taylor & Al Sears",Tenor
1956,1950s,All Around The World,Little Richard,Lee Allen,Tenor
1956,1950s,Corrine Corrina,Big Joe Turner,"Sam ""The Man"" Taylor",Tenor
1956,1950s,Chains of Love,Pat Boone,Unknown,Sax Section
1956,1950s,Confidential,Sonny Knight,Plas Johnson,Tenor
1956,1950s,Devil Or Angel,The Clovers,Willis Jackson,Tenor
1956,1950s,Don't Blame It On Me,Fats Domino,"Robert ""Buddy"" Hagans",Tenor
1956,1950s,Down In Mexico,Coasters,Gil Bernal,Tenor
1956,1950s,Eddie My Love,The Fontane Sisters,Unknown,Sax Section
1956,1950s,Eddie My Love,Teen Queens,Plas Johnson,Tenor
1956,1950s,Experiments with Mice,Johnny Dankworth,Johnny Dankworth,Alto
1956,1950s,Fever,Little Willie John,Ray Felder,Sax Section
1956,1950s,Giddy Up A Ding Dong,Freddy Bell & The Bell Boys,Jack Kane,Alto
1956,1950s,"Hey, Doll Baby",The Clovers,Unknown,Tenor
1956,1950s,Honky Tonk (Parts 1 and 2),Bill Doggett,Clifford Scott,Tenor
1956,1950s,I Can't Love You Enough,Lavern Baker,Sam “The Man” Taylor,Tenor
1956,1950s,I Want You to be My Girl,Frankie Lymon & the Teenagers,Jimmy Wright,Tenor
1956,1950s,It Isn't Right,The Platters,Plas Johnson,Tenor
1956,1950s,I'm In Love Again,The Fontane Sisters,Unknown,Sax Section
1956,1950s,I'm In Love Again,Fats Domino,Lee Allen,Tenor
1956,1950s,Ka Ding Dong,The Diamonds,Unknown,Tenor
1956,1950s,"Lipstick, Powder And Paint",Big Joe Turner,Sam “The Man” Taylor,Tenor
1956,1950s,"Love, Love, Love",The Clovers,Dave McRae,Baritone
1956,1950s,Let the Good Times Roll,Shirley and Lee,Lee Allen,Tenor
1956,1950s,Long Tall Sally,Pat Boone,Unknown,Tenor
1956,1950s,Long Tall Sally,Little Richard,Lee Allen,Tenor
1956,1950s,My Blue Heaven,Fats Domino,Clarence Ford,Alto
1956,1950s,Oh What a Night,The Dells,Lucius “LITTLE WASH” Washington,Tenor
1956,1950s,R-O-C-K,Bill Haley and His Comets,Rudy Pompilli,Tenor
1956,1950s,Ram-Bunk-Shush,Bill Doggett,Clifford Scott,Tenor
1956,1950s,Ready Teddy,Little Richard,Lee Allen,Tenor
1956,1950s,Rock A While,Big Joe Turner,Sam “The Man” Taylor,Tenor
1956,1950s,Rock With The Caveman,Tommy Steele,Ronnie Scott,Tenor
1956,1950s,Rockin' Thru The Rye,Bill Haley And His Comets,Rudy Pompilli,Tenor
1956,1950s,Rudy's Rock,Bill Haley and His Comets,Rudy Pompilli,Tenor
1956,1950s,Seven Days,Clyde McPhatter,Unknown,Tenor
1956,1950s,Seven Days,The Crew Cuts,David Carroll Orchestra,Sax Section
1956,1950s,So Long,Fats Domino,Wendell Duconge,Alto
1956,1950s,Soft Summer Breeze,The Diamonds,Unknown,Tenor
1956,1950s,Stranded In The Jungle,The Cadets,Plas Johnson,Tenor
1956,1950s,Since I Met You Baby,Ivory Joe Hunter,Jesse Powell,Alto
1956,1950s,Slippin' and Slidin',Little Richard,Lee Allen,Tenor
1956,1950s,Slow Walk,Bill Doggett,Clifford Scott,Tenor
1956,1950s,Speedoo,Cadillacs,Jesse Powell,Baritone
1956,1950s,Teach You To Rock,Tony Crombie And The Rockets,Unknown,Tenor
1956,1950s,The Saints Rock'n'Roll,Bill Haley and His Comets,Rudy Pompilli,Tenor
1956,1950s,Tutti-Frutti,Pat Boone,Unknown,Tenor
1956,1950s,What's The Reason I'm Not Pleasing You,Fats Domino,Unknown,Tenor
1956,1950s,When My Dreamboat ComeS Home,Fats Domino,Lee Allen,Tenor
1956,1950s,When You Dance,Turbans,"Sam ""The Man"" Taylor",Tenor
1956,1950s,Why Do Fools Fall in Love,The Diamonds,Unknown,Tenor
1957,1950s,Mr. Lee,Bobbettes,Jesse Powell,Tenor
1957,1950s,Raunchy,Ernie Freeman,Plas Johnson,Soprano
1957,1950s,Bony Moronie,Larry Williams,Plas Johnson,Tenor
1957,1950s,Baby Face,Little Richard,Lee Allen,Tenor
1957,1950s,Blue Monday,Fats Domino,Herb Hardesty,Baritone
1957,1950s,Raunchy,Bill Justis,Bill Justis,Alto
1957,1950s,April Love,Pat Boone,Unknown,Alto
1957,1950s,C.C. Rider,Chuck Willis,"Gene ""Daddy G"" Barge",Tenor
1957,1950s,Come Go With Me,The Del-Vikings,GEORGE Upshaw,Tenor
1957,1950s,Cool Shake,The Del-Vikings,Unknown,Tenor
1957,1950s,Do What You Did,Thurston Harris,Jackie Kelso,Tenor
1957,1950s,Don't Knock The Rock,Bill Haley And His Comets,Rudy Pompilli,Tenor
1957,1950s,Diana,Paul Anka,Unknown,Alto
1957,1950s,Hallelujah I Love Her So,Ray Charles,Don Wilkerson,Tenor
1957,1950s,"Happy, Happy, Happy Birthday, Baby",Tune Weavers,Frank Paul Orchestra,Alto
1957,1950s,He's Mine,The Platters,Plas Johnson,Tenor
1957,1950s,High School Dance,Larry WilliamS,Jesse James Jones,Tenor
1957,1950s,I Want You To Know,Fats Domino,Lee Allen,Tenor
1957,1950s,It's You I Love,Fats Domino,Lee Allen,Tenor
1957,1950s,I'm Walking,Ricky Nelson,Plas Johnson,Tenor
1957,1950s,I'm Waiting JUST For You,Pat Boone,Unknown,Alto
1957,1950s,I'm Walking,Fats Domino,Herb Hardesty,Tenor
1957,1950s,"Jenny, Jenny",Little Richard,Lee Allen,Tenor
1957,1950s,Jim Dandy,Lavern Baker,Sam “The Man” Taylor,Tenor
1957,1950s,June Night,Jimmy Dorsey Orchestra,Dick Stabile,Alto
1957,1950s,Just Because,Lloyd Price,Unknown,Tenor
1957,1950s,Keep A Knockin',Little Richard,Grady Gaines,Tenor
1957,1950s,Leaps And Bounds,Clifford Scott,Unknown,Tenor
1957,1950s,Love Letters In The Sand,Pat Boone,Unknown,Sax Section
1957,1950s,Love Roller Coaster,Big Joe Turner,Gus Fontenette,Tenor
1957,1950s,Lucille,Little Richard,Lee Allen,Tenor
1957,1950s,Miss Ann,Little Richard,Lee Allen,Tenor
1957,1950s,Rock The Joint,Bill Haley And His Comets,Rudy Pompilli,Tenor
1957,1950s,Raunchy,Billy Vaughn,Justin Gordon,Alto
1957,1950s,Send For Me,Nat King Cole,Plas Johnson,Tenor
1957,1950s,Send Me Some Lovin',Little Richard,Lee Allen,Tenor
1957,1950s,Shish-Kebab,Ralph Marterie,Unknown,Alto
1957,1950s,Short Fat Fannie,Larry Williams,Jesse James Jones,Tenor
1957,1950s,Silhouettes,The Rays,Unknown,Sax Section
1957,1950s,Silhouettes,The Diamonds,Unknown,Sax Section
1957,1950s,So Rare,Jimmy Dorsey,Jimmy Dorsey,Alto
1957,1950s,Soft,Bill Doggett,Clifford Scott,Baritone
1957,1950s,The Rooster Song,Fats Domino,Herb Hardesty,Tenor
1957,1950s,Tricky,Ralph Marterie,Unknown,Sax Section
1957,1950s,To The Aisle,Five Satins,Unknown,Alto
1957,1950s,Valley Of Tears,Fats Domino,Herb Hardesty,Tenor
1957,1950s,Wait And See,Fats Domino,Herb Hardesty,Tenor
1957,1950s,Whispering Bells,The Del-Vikings,Ben Smith,Tenor
1957,1950s,Young Blood,Coasters,Gil Bernal,Tenor
1957,1950s,Zip Zip,The Diamonds,Unknown,Tenor
1958,1950s,Buona Sera,Louis Prima,Sam Butera,Tenor
1958,1950s,The Stroll,Diamonds,King Curtis,Tenor
1958,1950s,Hoots Mon,Lord Rockingham's X1,Red Price-,Tenor
1958,1950s,Born Too Late,Poni Tails,Unknown,Alto
1958,1950s,Splish Splash,Bobby Darin,Jesse Powell,Tenor
1958,1950s,Cannonball,Duane Eddy,Steve Douglas,Tenor
1958,1950s,The Big Beat,Fats Domino,Lee Allen,Tenor
1958,1950s,Ooh! My Soul,Little Richard,Grady Gaines,Tenor
1958,1950s,Queen of the Hop,Bobby Darin,Jesse Powell,Tenor
1958,1950s,The Twist,Hank Ballard & The Midnighters,Ray Felder,Tenor
1958,1950s,Stagger Lee,Lloyd Price,Unknown,Tenor
1958,1950s,Good Golly Miss Molly,Little Richard,Lee Allen,Tenor
1958,1950s,7-11,Gone All Stars,Buddy Lucas,Tenor
1958,1950s,A Letter To An Angel,Jimmy Clanton,Alvin “Red” Tyler,Tenor
1958,1950s,Blip Blop,Bill Doggett,"Floyd ""Candy"" Johnson",Tenor
1958,1950s,Blue Hawaii,Billy Vaughn Orchestra,Justin Gordon,Alto
1958,1950s,Buona Sera,Ralf Bendix,Unknown,Tenor
1958,1950s,Buzz-Buzz-Buzz,Hollywood Flames,Jesse James Jones,Tenor
1958,1950s,Betty and Dupree,Chuck WilliS,Gene “Daddy G” Barge,Tenor
1958,1950s,Big Bopper's Wedding,Big Bopper,Link Davis,Tenor
1958,1950s,Come Prima,Ralf Bendix,Unknown,Sax Section
1958,1950s,Cerveza,Boots Brown,Plas Johnson,Tenor
1958,1950s,Cha Hua Hua,Eddie Platt And His Orchestra,Eddie Platt,Sax Section
1958,1950s,Cha Hua Hua,Pets,Plas Johnson,Sax Section
1958,1950s,Chanson d'amour (Song of Love),Fontane Sisters,Plas Johnson,Tenor
1958,1950s,Chanson d'amour (Song of Love),Art & Dotty Todd,Plas Johnson,Tenor
1958,1950s,Chantilly Lace,Big Bopper,Link Davis,Tenor
1958,1950s,Crazy in Love,Paul Anka,Unknown,Alto
1958,1950s,Dede Dinah,Frankie Avalon,Unknown,Tenor
1958,1950s,Dinner With Drac,John Zacherle,Dan Dailey,Tenor
1958,1950s,Early In The Morning,Buddy Holly,Sam “The Man” Taylor,Tenor
1958,1950s,Early in the Morning,Bobby Darin,Sam “The Man” Taylor,Tenor
1958,1950s,El Rancho Rock,Champs,Chuck Rio,Tenor
1958,1950s,Forget Me Not,Kalin Twins,Unknown,Tenor
1958,1950s,For Your Love,Ed Townsend,Plas Johnson,Tenor
1958,1950s,Got A Job,The Miracles,Unknown,Tenor
1958,1950s,Get a Job,Silhouettes,Rollee Mcgill,Tenor
1958,1950s,Hang Up My Rock And Roll Shoes,Chuck Willis,King Curtis,Tenor
1958,1950s,Hold It,Bill Doggett,"Floyd ""Candy"" Johnson",Tenor
1958,1950s,High Sign,The Diamonds,Unknown,Tenor
1958,1950s,How the Time Flies,Jerry Wallace,Plas Johnson,Tenor
1958,1950s,I Cried A Tear,Lavern Baker,King Curtis,Alto
1958,1950s,Itchy Twitchy Feeling,Bobby Hendricks,Jimmy Oliver Orchestra Jesse Powell,Tenor
1958,1950s,Jennie Lee,Billy Ward And His Dominoes,Unknown,Tenor
1958,1950s,Jump For Joy,Big Joe Turner,King Curtis,Tenor
1958,1950s,Jennie Lee,Jan & Arnie,Plas Johnson,Tenor
1958,1950s,Kansas City,Hank Ballard & The Midnighters,James E. Moore,Tenor
1958,1950s,Kansas City,Little Richard,Unknown,Tenor
1958,1950s,Keep A-Driving,Chuck Willis,King Curtis,Tenor
1958,1950s,Leroy,Jack Scott,George Katsakis,Tenor
1958,1950s,Little Mary,Fats Domino,Lee Allen,Tenor
1958,1950s,La Paloma,Billy Vaughn,Justin Gordon,Alto
1958,1950s,Monster Party,Bill Doggett,Clifford Scott,Tenor
1958,1950s,Mexican HOt ROCK,The Applejacks,Unknown,Sax Section
1958,1950s,"No, No",Fats Domino,Herb Hardesty,Tenor
1958,1950s,Nee Nee Na Na Na Na Nu Nu,Dicky Doo and The Don'tS,Al Ways,Tenor
1958,1950s,"No Chemise, Please",Gerry Granahan,Unknown,Tenor
1958,1950s,Patricia,Perez Prado,Rene Bloch,Sax Section
1958,1950s,Poor Boy,Royaltones,George Katsakis,Tenor
1958,1950s,Purple People Eater,Sheb Wooley,Plas Johnson,Tenor
1958,1950s,Rainbow Riot Part 1,Bill Doggett,"Floyd ""Candy"" Johnson",Tenor
1958,1950s,Raunchy,Ken Mackintosh & His Orchestra,Ken Mackintosh,Alto
1958,1950s,Ramrod,Duane Eddy,Plas Johnson,Tenor
1958,1950s,Rebel Rouser,Duane Eddy,Gil Bernal,Tenor
1958,1950s,Short Shorts,Royal Teens,Billy Crandall,Tenor
1958,1950s,Stupid Cupid,Connie Francis,Unknown,Tenor
1958,1950s,Sugar Moon,Pat Boone,Unknown,Alto
1958,1950s,Tequila,Eddie Platt,Unknown,Tenor
1958,1950s,Try Me (I Need You),James Brown & The Famous Flames,George Dorsey,Alto
1958,1950s,Tea for Two Cha Cha,Tommy Dorsey Orchestra,Joe Lopes,Alto
1958,1950s,Tequila,Champs,Chuck Rio,Tenor
1958,1950s,That Old Black Magic,Louis Prima and Keely Smith,Sam Butera,Tenor
1958,1950s,The Blob,The Five Blobs,Paul RoBerts,Alto
1958,1950s,The Walk,Jimmy McCracklin,Big Johnny “Bird” Parker,Tenor
1958,1950s,This Little Girl's Gone Rockin',Ruth Brown,King Curtis,Tenor
1958,1950s,Tumbling Tumbleweeds,Billy Vaughn,Justin Gordon,Alto
1958,1950s,Week End,The Kingsmen,Rudy Pompilli,Tenor
1958,1950s,What Am I Living For,Chuck Willis,King Curtis,Tenor
1958,1950s,When,Kalin Twins,Unknown,Tenor
1959,1950s,Uk) Yep,Duane Eddy,Steve Douglas,Tenor
1959,1950s,Reveille Rock,Johnny & The Hurricanes,Johnny Paris,Tenor
1959,1950s,Way Down Yonder In New Orleans,Freddy Cannon,Unknown,Sax Section
1959,1950s,"Kookie, Kookie, Lend Me Your Comb",Edd Byrnes & Connie Stevens,Plas Johnson,Tenor
1959,1950s,Red River Rock,Johnny & The Hurricanes,Johnny Paris,Tenor
1959,1950s,Charlie Brown,Coasters,King Curtis,Tenor
1959,1950s,In The Mood,Ernie Fields,Plas Johnson,Tenor
1959,1950s,Along Came Jones,Coasters,King Curtis,Tenor
1959,1950s,Apple Blossom Time,Tab Hunter,Plas Johnson,Sax Section
1959,1950s,Baby Talk,Jan & Dean,Plas Johnson,Tenor
1959,1950s,Be My Guest,Fats Domino,Herb Hardesty,Tenor
1959,1950s,Blue Hawaii,Billy Vaughn,Justin,Alto
1959,1950s,Bonnie Came Back,Duane Eddy,Jim Horn,Tenor
1959,1950s,By The Light Of The Silvery Moon,Little Richard,Lee Allen,Tenor
1959,1950s,Crossfire,Johnny & The Hurricanes,Johnny Paris,Tenor
1959,1950s,Don't Pity Me,Dion & The Belmonts,Jerome Richardson or Buddy Lucas,Alto
1959,1950s,Early To Bed,Poni-Tails,Unknown,Alto
1959,1950s,Forty Miles of Bad Road,Duane Eddy,Steve Douglas,Tenor
1959,1950s,High School U.S.A.,Tommy Facenda,King Curtis,Tenor
1959,1950s,Happy Organ,Dave “Baby” Cortez,Buddy Lucas,Baritone
1959,1950s,I Cried A Tear,Lavern Baker,King Curtis,Tenor
1959,1950s,I Waited Too Long,Lavern Baker,Budd Johnson,Alto
1959,1950s,If I Didn't Care,Connie Francis,Unknown,Tenor
1959,1950s,I'm Gonna Be A Wheel Someday,Fats Domino,Herb Hardesty,Tenor
1959,1950s,Joey's Song,Bill Haley & His Comets,Joey D'Ambrosia,Tenor
1959,1950s,Kansas City,Little Richard,Lee Allen,Tenor
1959,1950s,Kansas City,Hank Ballard & The Midnighters,Unknown,Tenor
1959,1950s,Kissin' Time,Bobby Rydell,George Young,Tenor
1959,1950s,Love Potion Number Nine,Clovers,King Curtis,Tenor
1959,1950s,Manhattan Spiritual,Reg Owen Orchestra,"Bob Burns, Bill Povey , Frank Reidy, Keith Bird",Sax Section
1959,1950s,Margie,Fats Domino,Plas Johnson,Tenor
1959,1950s,Margie,Fats Domino,Unknown,Tenor
1959,1950s,Mary Lou,Ronnie Hawkins And The Hawks,Sam “The Man” Taylor,Tenor
1959,1950s,My Happiness,Connie Francis,Sam “The Man” Taylor,Tenor
1959,1950s,Night Time Is The Right Time,Ray Charles,David “Fathead” Newman,Alto
1959,1950s,Peek-A-Boo,The Cadillacs,Jesse Powell,Sax Section
1959,1950s,Peter Gunn,Ray Anthony,Plas Johnson,Tenor
1959,1950s,Pink Shoe Laces,Dodie Stevens,Plas Johnson,Tenor
1959,1950s,Plain Jane,Bobby Darin,King Curtis,Tenor
1959,1950s,Pretty Girls Everywhere,Eugene Church,Plas Johnson,Baritone
1959,1950s,Primrose Lane,Jerry Wallace,Plas Johnson,Tenor
1959,1950s,Rocka Conga,The Applejacks,Unknown,Sax Section
1959,1950s,Sea Cruise,Frankie Ford,Unknown,Sax Section
1959,1950s,Some Kind-A Earthquake,Duane Eddy,Plas Johnson,Tenor
1959,1950s,Tall Cool One,The Wailers,Mark Marush,Tenor
1959,1950s,The Class,Chubby Checker,Buddy Savitt,Tenor
1959,1950s,The Coffee Grind,Hank Ballard & The Midnighters,Unknown,Tenor
1959,1950s,The Wonder Of You,Ray Peterson,Plas Johnson,Tenor
1959,1950s,There Is Something On Your Mind,Little Sonny Warner,Big Jay Mcneely,Tenor
1959,1950s,Three Little Pigs,Lloyd Price,Unknown,Soprano
1959,1950s,Wee Tom,Lord Rockingham,Unknown,Sax Section
1959,1950s,With The Wind And Rain In Your Hair,Pat Boone,Billy Vaughn Orchestra,Alto
1959,1950s,Yocky Dock Part 1,Bill Doggett,Unknown,Tenor
1959,1950s,You're So Fine,Falcons,Sax Kari,Tenor
1960,1960s,(# 24Aus) The Hucklebuck,Chubby Checker,Unknown,Tenor
1960,1960s,Sweet Nothin's,Brenda Lee,Boots Randolph,Tenor
1960,1960s,Feel So Fine,Johnny Preston,Boots Randolph,Tenor
1960,1960s,Let The Little Girl Dance,Billy Bland,Buddy Lucas,Tenor
1960,1960s,New Orleans,Gary “U.S.” Bonds,Earl Swanson,Tenor
1960,1960s,The Switch-A-Roo,Hank Ballard And The Midnighters,Buddy Lucas,Tenor
1960,1960s,) Ooh Poo Pah Doo-Part Ii,Jessie Hill,David Lastie,Tenor
1960,1960s,My Girl Josephine,Fats Domino,Lee Allen,Tenor
1960,1960s,Rocking Goose,Johnny And The Hurricanes,Johnny Paris,Tenor
1960,1960s,Wild One,Bobby Rydell,Georgie Young And Buddy Savitt,Tenor
1960,1960s,Let's Go Again (Where We Went Last Night),Hank Ballard & The Midnighters,"J.C. Davis and James E. ""Hank"" Moore",Tenor
1960,1960s,(also #1 in 1962) (#2 R&B) THE TWIST,Chubby Checker,Buddy Savitt,Tenor
1960,1960s,Beatnick Fly,Johnny & The Hurricanes,Johnny Paris,Tenor
1960,1960s,Blue Tango,Bill Black's Combo,Ace Cannon,Alto
1960,1960s,Bubbles In The Tar,The Piltdown Men,Scott Gordon & Jackie Kelso,Tenor
1960,1960s,Clementine,Bobby Darin,Unknown,Sax Section
1960,1960s,Country Boy,Fats Domino,Plas Johnson,Tenor
1960,1960s,Ding-A-Ling,Bobby Rydell,Unknown,Sax Section
1960,1960s,Don't Be Cruel,Bill Black's Combo,Ace Cannon,Tenor
1960,1960s,Don't Come Knockin',Fats Domino,Herb Hardesty,Tenor
1960,1960s,Down By The Station,The Four Preps,Unknown,Sax Section
1960,1960s,Finger Poppin' Time,Hank Ballard,J. C. Davis,Tenor
1960,1960s,"Go, Jimmy, Go",Jimmy Clanton,Unknown,Tenor
1960,1960s,Josephine,Bill Black's Combo,Ace Cannon,Tenor
1960,1960s,"Let's Go, Let's Go, Let's Go",Hank Ballard & The Midnighters,"J.C. Davis and James E. ""Hank"" Moore",Tenor
1960,1960s,Lonely Weekends,Charlie Rich,Martin Willis,Baritone
1960,1960s,Look For A Star,Billy Vaughn,Justin Gordon,Alto
1960,1960s,Love You So,Ron Holden With The Thunderbirds,Unknown,Tenor
1960,1960s,Mcdonald's Cave,The Piltdown Men,Scott Gordon & Jackie Kelso,Tenor
1960,1960s,My Heart Has A Mind Of Its Own,Connie Francis Artie Kaplan (,Unknown,Soprano
1960,1960s,Natural Born Lover,Fats Domino,Lee Allen,Tenor
1960,1960s,Peter Gunn,Duane Eddy,Steve Douglas,Tenor
1960,1960s,Poetry In Motion,Johnny Tillotson,Boots Randolph,Tenor
1960,1960s,Question,Lloyd Price,Unknown,Sax Section
1960,1960s,Ruby Duby Du,Tobin Mathews & Co,Unknown,Tenor
1960,1960s,Run Red Run,The Coasters,King Curtis,Tenor
1960,1960s,Running Bear,Johnny Preston,Link Davis,Tenor
1960,1960s,Smokie Part 2,Bill Black's Combo,Martin Willis,Tenor
1960,1960s,Stairway To Heaven,Neil Sedaka,King Curtis,Baritone
1960,1960s,Summer Set,Monty Kelly,Toots Mondello,Alto
1960,1960s,Swingin' On A Rainbow,Frankie Avalon,Unknown,Tenor
1960,1960s,That's All You Gotta Do,Brenda Lee,Boots Randolph,Tenor
1960,1960s,The Madison,Al Brown's Tunetoppers,Unknown,Tenor
1960,1960s,The Madison Time-Part 1,Ray Bryant Combo,Buddy Tate,Tenor
1960,1960s,The Twist,Hank Ballard And The Midnighters,Unknown,Tenor
1960,1960s,To Each His Own,The Platters,Unknown,Alto
1960,1960s,Too Much Tequila,Champs,Jimmy Seals,Tenor
1960,1960s,Tracy's Theme,Spencer Ross Orchestra,Vincent “Jimmy” Abato,Alto
1960,1960s,True Love Ways,Buddy Holly,Abraham “Boomie” Richman,Tenor
1960,1960s,Where Or When,Dion & The Belmonts,Buddy Lucas,Alto
1960,1960s,White Silver Sands,Bill Black's Combo,Martin Willis,Tenor
1960,1960s,You Talk Too Much,Joe Jones,Harold Battiste,Tenor
1960,1960s,You'll Never Know What You're Missing,Emile Ford & The Checkmates,Dave Sweetnam-Ford,Tenor
1961,1960s,Runaround Sue,Dion,Buddy Lucas,Tenor
1961,1960s,IT KEEPS RAININ',Fats Domino,Clarence Ford Saxophone Herb Hardesty Saxophone Dave Bartholomew,Unknown
1961,1960s,Shop Around,Miracles,Ronnie Wakefield,Tenor
1961,1960s,Ja-Da,Johnny And The Hurricanes,Johnny Paris,Tenor
1961,1960s,Good Time Baby,Bobby Rydell,Unknown,Sax Section
1961,1960s,(I Don't Know Why) But I Do,Clarence Henry,Nat Perrilliat,Tenor
1961,1960s,The Fly,Chubby Checker,Unknown,Tenor
1961,1960s,Dum Dum,Brenda Lee,Boots Randolph,Tenor
1961,1960s,I Feel So Bad,Elvis Presley,Boots Randolph,Tenor
1961,1960s,Angel Baby,Rosie & The Originals,Tony Gomez,Tenor
1961,1960s,You Always Hurt The One You Love,Clarence Henry,Nat Perrilliat,Tenor
1961,1960s,Quarter To Three,Gary “U.S.” Bonds,Daddy G A/K/A Gene Barge,Tenor
1961,1960s,Take Five,Dave Brubeck Quartet,Paul Desmond,Alto
1961,1960s,(Ghost) Riders In The Sky,Ramrods,Richard Lane,Tenor
1961,1960s,African Waltz,Johnny Dankworth & His Orchestra,Johnny Dankworth,Alto
1961,1960s,Ain't That Just Like A Woman,Fats Domino,Lee Allen,Tenor
1961,1960s,Barbara Ann,Regents,Unknown,Tenor
1961,1960s,Big John,Shirelles,King Curtis,Tenor
1961,1960s,Calendar Girl,Neil Sedaka,King Curtis,Baritone
1961,1960s,Charleston,Temperance Seven,Geoff Whittam,Unknown
1961,1960s,Daddy's Home,Shep & The Limelites,Elliott Chavers,Tenor
1961,1960s,Exodus,Eddie Harris,Unknown,Tenor
1961,1960s,Florida Twist,Bill Haley And His Comets,Rudy Pompilli,Tenor
1961,1960s,Foot Stomping-Part 1,The Flares,Plas Johnson,Tenor
1961,1960s,Goodnight Mrs. Flintstone,The Piltdown Men,Scott Gordon & Jackie Kelso,Tenor
1961,1960s,Hearts Of Stone,Bill Black's Combo,Ace Cannon,Tenor
1961,1960s,High Voltage,Johnny And The Hurricanes,Johnny Paris,Tenor
1961,1960s,I Like It Like That,Chris Kenner,Nathaniel “Nat” Perrilliat,Tenor
1961,1960s,Jambalaya,Fats Domino,Lee Allen,Tenor
1961,1960s,Jingle Bell Rock,Bobby Rydell And Chubby Checker,Unknown,Sax Section
1961,1960s,Last Night,Mar-Keys,Gilbert Caple,Tenor
1961,1960s,Lazy River,Bobby Darin,Unknown,Tenor
1961,1960s,Let The Four Winds Blow,Fats Domino,Lee Allen,Tenor
1961,1960s,Let's Go Again (Where We Went Last Night),Hank Ballard And The Midnighters,Unknown,Tenor
1961,1960s,Let's Twist Again,Chubby Checker,George Young,Tenor
1961,1960s,Little Egypt (Ying Yang),Coasters,King Curtis,Tenor
1961,1960s,Music Music Music,Sensations,Sam Reed,Tenor
1961,1960s,My Real Name,Fats Domino,Herb Hardesty,Tenor
1961,1960s,Old Smokie,Johnny And The Hurricanes,Johnny Paris,Tenor
1961,1960s,Ole Buttermilk Sky,Bill Black's Combo,Ace Cannon,Tenor
1961,1960s,Pepe,Duane Eddy,Jim Horn,Tenor
1961,1960s,Piltman Rides Again,The Piltdown Men,Scott Gordon & Jackie Kelso,Tenor
1961,1960s,Pony Time,Chubby Checker,Unknown,Tenor
1961,1960s,Rama Lama Ding Dong,Edsels,Ed Ryczaj,Tenor
1961,1960s,School Is In,Gary “U.S.” Bonds,Daddy G A/K/A Gene Barge,Tenor
1961,1960s,School Is Out,Gary “U.S.” Bonds,Daddy G A/K/A Gene Barge,Tenor
1961,1960s,See See Baby,Freddie King,Clifford Scott,Tenor
1961,1960s,Shu Rah,Fats Domino,Lee Allen,Tenor
1961,1960s,Spanish Harlem,Ben E. King,Romeo Penque,Soprano
1961,1960s,That Old Black Magic,Bobby Rydell,Unknown,Sax Section
1961,1960s,The Hoochi Coochi Coo,Hank Ballard And The Midnighters,Unknown,Tenor
1961,1960s,The Lion Sleeps Tonight,The Tokens,Bob Burns,Soprano
1961,1960s,The Story Of My Love,Paul Anka,Unknown,Tenor
1961,1960s,The Switch-A-Roo,Hank Ballard And The Midnighters,Buddy Lucas,Tenor
1961,1960s,Theme From Dixie,Duane Eddy,Jim Horn,Tenor
1961,1960s,Tossin' And Turnin',Bobby Lewis,King Curtis,Tenor
1961,1960s,What A Party,Fats Domino,Lee Allen,Tenor
1961,1960s,Wheels,Billy Vaughn,Justin Gordon,Alto
1961,1960s,You Can't Sit Down - Part 2,Philip Upchurch Combo,David Brooks,Tenor
1961,1960s,You Must Have Been A Beautiful Baby,Bobby Darin,Plas Johnson And Nino Tempo,Sax Section
1961,1960s,You're Driving Me Crazy,Temperance Seven,Phillip Harrison,Baritone
1962,1960s,He's A Rebel,Crystals,Steve Douglas,Baritone
1962,1960s,Only Love Can Break A Heart,Gene Pitney,Unknown,Alto
1962,1960s,Twist And Shout,Isley Brothers,King Curtis,Tenor
1962,1960s,The Twist,Chubby Checker,Buddy Savitt,Tenor
1962,1960s,The Jam,Bobby Gregg And His Friends,Buddy Lucas,Tenor
1962,1960s,Soldier Boy,Shirelles,King Curtis,Tenor
1962,1960s,Don't Hang Up,The Orlons,Unknown,Tenor
1962,1960s,Popeye (The Hitchhiker),Chubby Checker,Unknown,Tenor
1962,1960s,You'll Lose A Good Thing,Barbara Lynn,Rene Netto,Tenor
1962,1960s,Babysitter Twist,Ralf Bendix,Unknown,Tenor
1962,1960s,Bring It On Home To Me,Sam Cooke,William Green,Tenor
1962,1960s,Can Can,Peter Jay & The Jaywalkers,Mac Mcintyre,Tenor
1962,1960s,Continental,The Dovells,Unknown,Tenor
1962,1960s,Dance With The Guitar Man,Duane Eddy,Jim Horn,Tenor
1962,1960s,Dancin' Party,Chubby Checker,Unknown,Tenor
1962,1960s,Dear Lady Twist,Gary “U.S.” Bonds,Daddy G A/K/A Gene Barge,Tenor
1962,1960s,Everybody Loves A Lover,Shirelles King Curtis,Unknown,Soprano
1962,1960s,Having A Party,Sam Cooke,William Green,Tenor
1962,1960s,"Hey, Let's Twist",Joey Dee & The Starliters,Bill Ramal,Alto
1962,1960s,Hully Gully Baby,The Dovells,Buddy Savitt,Tenor
1962,1960s,It's Gonna Be Warm This Winter,Connie Francis,Unknown,Tenor
1962,1960s,Jivin' Around,Al Casey,Brad Bauder,Tenor
1962,1960s,Keep Your Hands Off My Baby,Little Eva,"Per ARTIE KAPLAN, he recorded all sax parts and lead",Tenor
1962,1960s,Let Me In,Sensations,Sam Reed,Tenor
1962,1960s,Let's Go (Pony),The Routers,Plas Johnson,Tenor
1962,1960s,Limbo Rock,Chubby Checker,Unknown,Tenor
1962,1960s,Limbo Rock,Champs,Plas Johnson,Tenor
1962,1960s,Loco-Motion,Little Eva,Artie Kaplan,Tenor
1962,1960s,Lover Please,Clyde Mcphatter,King Curtis,Tenor
1962,1960s,Lovers Who Wander,Dion,Unknown,Baritone
1962,1960s,Mashed Potato Time,Dee Dee Sharp,Buddy Savitt,Tenor
1962,1960s,Night Train,James Brown,J. C. Davis,Tenor
1962,1960s,Our Anniversary,Shep & The Limelites,Unknown,Tenor
1962,1960s,Party Lights,Claudine Clark,Unknown,Tenor
1962,1960s,Peppermint Twist,Joey Dee & The Starliters,Jerome Richardson,Baritone
1962,1960s,Peppermint Twist,Danny Peppermint And The Jumping,Jacks,Tenor
1962,1960s,Reminiscing,Buddy Holly,King Curtis,Tenor
1962,1960s,Return To Sender,Elvis Presley,Boots Randolph,Baritone
1962,1960s,Rinky Dink,Dave “Baby” Cortez,Jimmy Castor,Tenor
1962,1960s,Rockin' Around The Christmas Tree,Brenda Lee,Boots Randolph,Tenor
1962,1960s,See See Rider,Lavern Baker,Buddy Lucas,Tenor
1962,1960s,Shout! Shout! (Knock Yourself Out),Ernie Maresca,Billy Mure Orchestra,Tenor
1962,1960s,Slow Twistin',Chubby Checker With Dee Dee Sharp,Unknown,Tenor
1962,1960s,Surfer's Stomp,The Marketts,Plas Johnson,Tenor
1962,1960s,The Ballad Of Paladin,Duane Eddy,Plas Johnson,Tenor
1962,1960s,The Wah Watusi,The Orlons,Buddy Savitt,Tenor
1962,1960s,The Wanderer,Dion,Buddy Lucas,Tenor
1962,1960s,Town Without Pity,Gene Pitney,Unknown,Tenor
1962,1960s,Turn On Your Love Light,Bobby “Blue” Bland,Unknown,Tenor
1962,1960s,"Twist, Twist Senora",Gary U.S. Bonds,Daddy G A/K/A Gene Barge,Tenor
1962,1960s,Twist-Her,Bill Black's Combo,Unknown,Tenor
1962,1960s,Twistin' Matilda,Jimmy Soul,Gene “Daddy G” Barge,Tenor
1962,1960s,Twistin' The Night Away,Sam Cooke Jackie Kelso,Unknown,Tenor
1962,1960s,Unchain My Heart,Ray Charles,Hank Crawford,Alto
1962,1960s,Vacation,Connie Francis,Boots Randolph,Tenor
1962,1960s,Walk On The Wild Side,Jimmy Smith,"Session recorded March 26, 1962 JERRY DODGION",Alto
1962,1960s,Wiggle Wobble,Les Cooper,Joe Grier,Tenor
1963,1960s,Let's Limbo Some More,Chubby Checker,Unknown,Baritone
1963,1960s,Another Saturday Night,Sam Cooke,Plas Johnson Or Jackie Kelso,Tenor
1963,1960s,Mr. Bass Man,Johnny Cymbal,Artie Kaplan,Tenor
1963,1960s,Birdland,Chubby Checker,Unknown,Tenor
1963,1960s,If You Wanna Be Happy,Jimmy Soul,Gene Barge A/K/A Daddy G,Tenor
1963,1960s,Da Doo Ron Ron,Crystals,Steve Douglas,Baritone
1963,1960s,Boss Guitar,Duane Eddy,Jim Horn,Tenor
1963,1960s,Bounce,Olympics,Plas Johnson,Tenor
1963,1960s,Bust Out,The Busters,Al Marczyk,Tenor
1963,1960s,Charlena,Richie Knight & The Mid-Knights,Mike Brough,Tenor
1963,1960s,Diamonds,Jet Harris & Tony Meehan,Unknown,Tenor
1963,1960s,Don't Say Nothin' Bad (About My Baby),Cookies,Artie Kaplan,Tenor
1963,1960s,Heat Wave,Martha & The Vandellas,Andrew “Mike” Terry,Baritone
1963,1960s,Hey Girl,Freddie Scott,Artie Kaplan,Tenor
1963,1960s,Java,Al Hirt,Alvin “Red” Tyler,Baritone
1963,1960s,Let's Turkey Trot,Little Eva,Artie Kaplan,Tenor
1963,1960s,Mickey's Monkey,Miracles,The Funk Brothers,Tenor
1963,1960s,Misty,Lloyd Price,Unknown,Sax Section
1963,1960s,Not Me,The Orlons,Unknown,Tenor
1963,1960s,See See Rider,Lavern Baker,Buddy Lucas,Tenor
1963,1960s,Shut Down,Beach Boys,Mike Love,Alto
1963,1960s,South Street,The Orlons,Unknown,Tenor
1963,1960s,The Boy I'm Gonna Marry,Darlene Love,Unknown,Tenor
1963,1960s,Walking The Dog,Rufus Thomas,Unknown,Tenor
1963,1960s,Washington Square,Village Stompers,Mitchell May,Tenor
1963,1960s,Watermelon Man,Mongo Santamaria Band,Pat Patrick and Bobby Capers,Unknown
1963,1960s,Wild Weekend,The Rebels,Mickey Kipler,Tenor
1963,1960s,You Can't Sit Down,The Dovells,Buddy Savitt,Tenor
1963,1960s,You Lost The Sweetest Boy,Mary Wells Mike Terry,Unknown,Baritone
1963,1960s,You've Really Got A Hold On Me,The Miracles,Unknown,Sax Section
1964,1960s,Mockingbird Hill,Migil 5,Alan Watson,Tenor
1964,1960s,Chapel Of Love,Dixie Cups,Unknown,Sax Section
1964,1960s,In My Lonely Room,Martha & The Vandellas,Mike Terry,Baritone
1964,1960s,My Lonely Room,Martha And The Vandellas,Mike Terry,Baritone
1964,1960s,Girl From Ipanema,Stan Getz,Unknown,Tenor
1964,1960s,Just Like Romeo & Juliet,Reflections,Mike Terry,Baritone
1964,1960s,A House Is Not A Home,Dionne Warwick,Unknown,Alto
1964,1960s,Blue Winter,Connie Francis,Unknown,Alto
1964,1960s,Can't You See That She's Mine,Dave Clark Five,Denis Payton,Tenor
1964,1960s,Charade,Sammy Kaye,Unknown,Sax Section
1964,1960s,Come A Little Bit Closer,Jay & The Americans,Artie Kaplan,Tenor
1964,1960s,Cotton Candy,Al Hirt,Boots Randolph,Baritone
1964,1960s,Girls Grow Up Faster Than Boys,The Cookies,Artie Kaplan,Soprano
1964,1960s,Go Now,Bessie Banks,Unknown,Tenor
1964,1960s,Lazy Lady,Fats Domino,Unknown,Unknown
1964,1960s,Near You,Migil 5,Alan Watson,Tenor
1964,1960s,One Way Love,Cliff Bennett & The Rebel Rousers,"Sid Phillips & Maurice ""Moss"" Groves",Sax Section
1964,1960s,Out Of Sight,James Brown,Unknown,Sax Section
1964,1960s,Pink Panther Theme,Henry Mancini,Plas Johnson,Tenor
1964,1960s,Quicksand,Martha & The Vandellas,Mike Terry,Baritone
1964,1960s,Shangri-La,Robert Maxwell,Unknown,Alto
1964,1960s,Shout,Lulu & The,Luvers,Tenor
1964,1960s,Spanish Harlem,Sounds Incorporated,Unknown,Sax Section
1964,1960s,Sugar Lips,Al Hirt,Boots Randolph,Tenor
1964,1960s,Tall Cool One,Wailers,Mark Marush,Tenor
1964,1960s,Tennessee Waltz,Sam Cooke,William Green,Tenor
1964,1960s,The Spartans,Sounds Incorporated,Unknown,Alto
1964,1960s,The Way You Do The Things You Do,Temptations,The Funk Brothers,Tenor
1964,1960s,Too Many Fish In The Sea,The Marvelettes,Unknown,Tenor
1964,1960s,Where Did Our Love Go,Supremes,Mike Terry,Baritone
1964,1960s,William Tell Overture,Sounds Incorporated,"Alan Holmes, Griff West, Barrie Cameron",Baritone
1964,1960s,Yeh Yeh,Georgie Fame,Peter Coe,Tenor
1965,1960s,I Hear A Symphony,Supremes,Mike Terry,Baritone
1965,1960s,I Got You (I Feel Good),James Brown,Maceo Parker,Alto
1965,1960s,1-2-3,Len Barry,Artie Kaplan,Baritone
1965,1960s,It's The Same Old Song,Four Tops,Mike Terry,Baritone
1965,1960s,Action,Freddy Cannon,Nino Tempo,Sax Section
1965,1960s,Back In My Arms Again,Supremes,Mike Terry,Baritone
1965,1960s,Buster Browne,Willie Mitchell,Unknown,Tenor
1965,1960s,Catch Us If You Can,Dave Clark Five,Denis Payton,Tenor
1965,1960s,Cleo's Back,Jr. Walker & The,Allstars,Tenor
1965,1960s,Do The Boomerang,Jr. Walker & The Allstars,Jr. Walker,Tenor
1965,1960s,In The Midnight Hour,Wilson Pickett,Floyd Newman,Baritone
1965,1960s,Ju Ju Hand,Sam The Sham & The Pharoahs,Butch Gibson,Tenor
1965,1960s,Just A Little Bit,Roy Head,Tommy May,Tenor
1965,1960s,Orange Blossom Special,Johnny Cash,Boots Randolph,Tenor
1965,1960s,Ring Dang Doo,Sam The Sham & The Pharaohs,Butch Gibson,Tenor
1965,1960s,Shake And Fingerpop,Jr. Walker & The Allstars,Jr. Walker,Tenor
1965,1960s,Shotgun,Jr. Walker & The Allstars,Jr. Walker,Tenor
1965,1960s,Something About You,Four Tops,Mike Terry,Baritone
1965,1960s,The Barracuda,Alvin Cash & The Crawlers,Unknown,Tenor
1965,1960s,Too Many Fish In The Sea,Marvelettes,Unknown,Tenor
1965,1960s,Try Me (Instrumental),James Brown,Saxophone Section,Unknown
1965,1960s,Twine Time,Alvin Cash & The Crawlers,Unknown,Tenor
1965,1960s,We're Gonna Make It,Little Milton,Gene Barge a/k/a Daddy G,Alto
1965,1960s,Wooly Bully,Sam The Sham & The Pharoahs,Butch Gibson,Tenor
1965,1960s,You've Been In Love Too Long,Martha & The Vandellas,Unknown,Baritone
1966,1960s,Get Ready,The Temptations,Kasuku Mafia,Tenor
1966,1960s,(I'm A) Road Runner,Jr. Walker & The Allstars,Jr. Walker,Tenor
1966,1960s,How Sweet It Is (To Be Loved By You),Jr. Walker & The Allstars,Jr. Walker,Tenor
1966,1960s,This Old Heart Of Mine,Isley Brothers,Mike Terry,Baritone
1966,1960s,Baby Do The Philly Dog,Olympics,Plas Johnson,Tenor
1966,1960s,My World Is Empty Without You,Supremes,Mike Terry,Baritone
1966,1960s,Ain't Too Proud To Beg,The Temptations,Kasuku Mafia,Tenor
1966,1960s,Bad Eye,Willie Mitchell,Unknown,Tenor
1966,1960s,Can't Satisfy,The Impressions,Mike Terry,Baritone
1966,1960s,Cleo's Mood,Jr. Walker & The All Stars,Jr. Walker,Tenor
1966,1960s,Don't Mess With Bill,Marvelettes,Kasuku Mafia,Tenor
1966,1960s,Going To A Go-Go,The Miracles,Kasuku Mafia,Tenor
1966,1960s,Got To Get You Into My Life,Cliff Bennett & The Rebel Rousers,Sid Phillips & Maurice Groves,Sax Section
1966,1960s,Gotta Be Funky,Monk Higgins,Unknown,Tenor
1966,1960s,Harlem Nocturne,Viscounts,Harry Haller,Tenor
1966,1960s,Helpless,Kim Weston,Mike Terry,Baritone
1966,1960s,Hold On I'm A Comin',Sam & Dave,Unknown,Tenor
1966,1960s,Hole In The Wall,The Packers,"Charles ""Packy"" Axton",Tenor
1966,1960s,Land Of 1000 Dances,Wilson Pickett,Charlie Chalmers,Tenor
1966,1960s,Listen Here,Eddie Harris,Unknown,Tenor
1966,1960s,Love Is Like An Itching In My Heart,Supremes,Mike Terry,Baritone
1966,1960s,Michael (The Lover),Geno Washington,Buddy Beadle,Baritone
1966,1960s,Money (That's What I Want),Jr. Walker & The All Stars,Jr. Walker,Tenor
1966,1960s,Something On Your Mind,King Curtis,Unknown,Tenor
1966,1960s,Summertime,Billy Stewart,Unknown,Alto
1966,1960s,The Philly Freeze,Alvin Cash & The Registers,Unknown,Tenor
1966,1960s,Think,Chris Farlowe & Thunderbirds,Unknown,Baritone
1966,1960s,Who Dun It,Monk Higgins,Unknown,Tenor
1967,1960s,I Second That Emotion,Smokey Robinson & The Miracles,Unknown,Tenor
1967,1960s,Bring It Up,James Brown,Unknown,Sax Section
1967,1960s,Cold Sweat,James Brown,Maceo Parker,Tenor
1967,1960s,Come See About Me,Jr. Walker & The All Stars,Jr. Walker,Tenor
1967,1960s,Funky Broadway,Wilson Pickett,Charlie Chalmers,Tenor
1967,1960s,Girls Are Out To Get You,Fascinations,Mike Terry,Baritone
1967,1960s,Guns Of Navarone,Skatalites,Unknown,Unknown
1967,1960s,I Heard It Through The Grapevine,Gladys Knight & The Pips,Hank Cosby,Tenor
1967,1960s,Memphis Soul Stew,King Curtis,Unknown,Tenor
1967,1960s,"Mercy, Mercy, Mercy",Cannonball Adderley,Unknown,Alto
1967,1960s,Music To Watch Girls Go By,Bob Crewe Generation,Unknown,Tenor
1967,1960s,Ode To Billy Joe,Kingpins,KING CURTIS SAXELLO or Lyon and Healy “Perfect Curved,Soprano
1967,1960s,Pucker Up Buttercup,Jr. Walker & The Allstars,Jr. Walker,Tenor
1967,1960s,Respect,Aretha Franklin,King Curtis,Tenor
1967,1960s,Shoot Your Shot,Jr. Walker & The All Stars,Jr. Walker,Tenor
1967,1960s,The Look Of Love,Dusty Springfield,Bob Efford,Tenor
1967,1960s,Train Tour To The Rainbow City,Pyramids,Unknown,Tenor
1968,1960s,Spooky,Classics Iv Mike Shapiro,Unknown,Tenor
1968,1960s,Soul Serenade,Willie Mitchell,Charlie Chalmers,Tenor
1968,1960s,My Special Angel,Vogues,Plas Johnson,Tenor
1968,1960s,The Red Balloon,Dave Clark Five,Dennis Payton,Tenor
1968,1960s,Bend Me Shake Me,Amen Corner,Mike Smith,Tenor
1968,1960s,Come See About Me,Jr. Walker & The Allstars,Jr. Walker,Tenor
1968,1960s,Girl Watcher,The O'Kaysions,Gerald Toler,Tenor
1968,1960s,Grazing In The Grass,Hugh Masekela,Al Abreu,Tenor
1968,1960s,Hip City,Jr. Walker & The Allstars,Jr. Walker,Tenor
1968,1960s,Home Cookin,Jr. Walker & The Allstars,Jr. Walker,Tenor
1968,1960s,I Can't Dance To That Music You're Playin',Martha & The Vandellas,Unknown,Tenor
1968,1960s,I Can't Stop Dancing,Archie Bell & The Drells,Leroy Lewis,Tenor
1968,1960s,If You Can Want,The Miracles,Unknown,Tenor
1968,1960s,I'm An Urban Spaceman,Bonzo Dog Doo-Dah Band,Rodney Slater or Roger Ruskin Spear,Soprano
1968,1960s,Keep On Dancing,Alvin Cash,Unknown,Tenor
1968,1960s,Lady Madonna,Beatles,Ronnie Scott,Tenor
1968,1960s,Licking Stick (Part 1),James Brown,Maceo Parker,Tenor
1968,1960s,Prayer Meetin',Willie Mitchell,Unknown,Tenor
1968,1960s,See Saw,Aretha Franklin,Unknown,Tenor
1968,1960s,The Horse,Cliff Nobles & Co.,Mike Terry,Baritone
1968,1960s,Think,Aretha Franklin,Unknown,Alto
1968,1960s,Tighten Up,Archie Bell & The Drells,Leroy Lewis,Tenor
1969,1960s,What Does It Take (To Win Your Love),Jr. Walker & The Allstars,Jr. Walker,Tenor
1969,1960s,And When I Die,"Blood, Sweat & Tears",Fred Lipsius,Alto
1969,1960s,(If Paradise Is) Half As Nice,Amen Corner,Unknown,Soprano
1969,1960s,Everyday With You Girl,Classics Iv,Mike Shapiro,Alto
1969,1960s,Honky Tonk Women,Rolling Stones,Bobby Keys,Tenor
1969,1960s,Instant Groove,King Curtis & The Kingpins,Unknown,Tenor
1969,1960s,Mother Popcorn,James Brown,Maceo Parker,Tenor
1969,1960s,My Babe,Willie Mitchell,Unknown,Tenor
1969,1960s,"Oh, What A Night",Dells,Gene Barge,Tenor
1969,1960s,Soulful Strut,Young-Holt Unlimited,Unknown,Tenor
1969,1960s,These Eyes,Jr. Walker & The Allstars,Jr. Walker,Tenor
1969,1960s,Touch Me,Doors,Curtis Amy,Tenor
1969,1960s,Traces,Classics Iv,Ray Jarrell,Tenor
1969,1960s,We Got More Soul,Dyke And The Blazers,Bernard Williams,Baritone
1969,1960s,When I Die,Motherlode,Steve Kennedy,Tenor
1970,1970s,Long As I Can See The Light,Creedence Clearwater Revival,John Fogerty,Tenor
1970,1970s,Domino,Van Morrison,Jack Schroer,Alto
1970,1970s,Come Running,Van Morrison,Jack Schroer,Alto
1970,1970s,Do You See My Love,Jr. Walker & The Allstars,Jr. Walker,Tenor
1970,1970s,Freedom Blues,Little Richard,Unknown,Tenor
1970,1970s,Get Ready,Rare Earth,Gil Bridges,Tenor
1970,1970s,Gotta Hold On To This Feeling,Jr. Walker & The Allstars,Jr. Walker,Tenor
1970,1970s,Holly Holy,Jr. Walker & The Allstars,Jr. Walker,Tenor
1970,1970s,Into The Mystic,Johnny Rivers,Jim Horn,Tenor
1970,1970s,Sugar Sugar,Wilson Pickett,Unknown,Unknown
1970,1970s,Super Bad,James Brown,Robert “Chopper” Mccollough,Tenor
1970,1970s,The Letter,Joe Cocker,With Leon Russell,Tenor
1970,1970s,The Weaver's Answer,Family,Jim King,Tenor
1970,1970s,Travelin Band,Credence Clearwater Revival,John Forgerty,Tenor
1971,1970s,"Take Me Girl, I'm Ready",Jr. Walker & The,Allstars,Tenor
1971,1970s,Way Back Home,Jr. Walker & The,Allstars,Tenor
1971,1970s,Rainy Days And Mondays,Carpenters,Bob Messenger,Tenor
1971,1970s,Ooh Poo Pah Doo,Ike & Tina Turner,Unknown,Tenor
1971,1970s,Wild Night,Van Morrison,Jack Schroer,Alto
1971,1970s,All Day Music,War,Charles Miller,Tenor
1971,1970s,Brown Sugar,Rolling Stones,Bobby Keys,Tenor
1971,1970s,It's Too Late,Carole King,Curtis Amy,Soprano
1971,1970s,Mercy Mercy Me (The Ecology),Marvin Gaye,William M. “Wild Bill” Moore,Tenor
1971,1970s,Power To The People,John Lennon/Plastic Ono Band,Bobby Keys,Tenor
1971,1970s,What's Going On,Marvin Gaye,Eli Fontaine,Soprano
1972,1970s,Honky Cat,Elton John,Jean Louis Chautemps Sax Alain Hatot,Unknown
1972,1970s,Me And Mrs. Jones,Billy Paul,Unknown,Soprano
1972,1970s,Walk In The Night,Jr. Walker & The All Stars,Jr. Walker,Tenor
1972,1970s,Who Was It,Hurricane Smith,Frankie Hardcastle,Alto
1972,1970s,Ball Park Incident,Wizard,Unknown,Tenor
1972,1970s,SEE MY BABY JIVE,Wizard,Unknown,Baritone
1972,1970s,Bang A Gong (Get It On),T. Rex Ian Mcdonald,Unknown,Baritone
1972,1970s,Molina,Creedence Clearwater Revival,John Fogerty,Tenor
1972,1970s,Superstition,Stevie Wonder,Trevor Lawrence,Tenor
1972,1970s,The World Is A Ghetto,War,Charles Miller,Alto
1972,1970s,Thunder And Lightning,Chi Coltrane,Jim Horn,Tenor
1973,1970s,Sorrow,David Bowie,David Bowie,Alto
1973,1970s,Let's Get It On,Marvin Gaye,LP credits PLAS JOHNSON and ERNIE WATTS,Alto
1973,1970s,Just You N' Me,Chicago,Walt Parazaider,Soprano
1973,1970s,I Wish It Could Be Christmas Every Day,Wizzard,Nick Pentelow,Tenor
1973,1970s,Love Is The Message,MFSB,"Leon ""Zach"" Zachary",Tenor
1973,1970s,Angel Fingers,Wizzard,"Nick Pentelow, Mike Burney, Roy Wood",Sax Section
1973,1970s,All The Way From Memphis,Mott The Hoople,Andy Mackay,Tenor
1973,1970s,Don't Let Me Be Lonely Tonight,James Taylor,Michael Brecker,Tenor
1973,1970s,Ecstasy,Ohio Players,Clarence “Satch” Satchell,Tenor
1973,1970s,Frankenstein,Edgar Winter Group,Edgar Winter,Alto
1973,1970s,Funky Stuff,Kool & The Gang,Sax/Brass Section Ronald “Khalis” Bell Aka Khalis Bayyan,Tenor
1973,1970s,Hello It's Me,Todd Rundgren,Michael Brecker,Soprano
1973,1970s,Hey Girl (I Like Your Style),The Temptations,Unknown,Alto
1973,1970s,Me And Baby Brother,War,Charles Miller,Alto
1973,1970s,My Music,Loggins And Messina,Jon Clarke,Tenor
1973,1970s,Photograph,Ringo Starr,Bobby Keys,Tenor
1973,1970s,Pyjamarama,Roxy Music,Andy Mackay,Alto
1973,1970s,See My Baby Jive,Wizzard,"Nick Pentelow, Mike Burney, Roy Wood:",Sax Section
1973,1970s,Soul Makossa,Manu Dibango,Unknown,Tenor
1973,1970s,Soul Power 74,Maceo And The Macks,Maceo Parker,Alto
1973,1970s,Walk On The Wild Side,Lou Reed,Ronnie Ross,Baritone
1973,1970s,You Can Do Magic,Limmie And Family Cookin',Unknown,Alto
1973,1970s,Your Mama Don't Dance,Loggins And Messina,Jon Clarke,Baritone
1974,1970s,Are You Ready To Rock,Wizard,Nick Pentelow,Tenor
1974,1970s,The Bitch Is Back,Elton John,Lenny Pickett,Tenor
1974,1970s,(We're Gonna) Rock Around The Clock,Bill Haley And His Comets,Joey D'Ambrosia,Tenor
1974,1970s,Oh My My,Ringo Starr,Tom Scott,Tenor
1974,1970s,Hollywood Swinging,Kool & The Gang,Ronald “Khalis” Bell Aka Khalis Bayyan,Tenor
1974,1970s,Jazzman,Carole King,Tom Scott,Tenor
1974,1970s,Papa Don't Take No Mess,James Brown,Maceo Parker,Alto
1974,1970s,Please Mr. Postman,Carpenters,Bob Messenger,Tenor
1974,1970s,Rock 'n' Roll Winter (Loony's Tune),Wizard,Unknown,Tenor
1974,1970s,"Shame, Shame, Shame",Shirley & Company,Sheldon Powell,Alto
1974,1970s,Smoke Gets In Your Eyes,Bryan Ferry,Chris Mercer,Tenor
1974,1970s,The Man Who Sold The World,Lulu,David Bowie,Alto
1974,1970s,This Is The Story Of My Love (Baby),Wizard,Unknown,Tenor
1974,1970s,Waterloo,Abba,Christer Eklund,Tenor
1974,1970s,Whatever Gets You Through The Night,John Lennon With The Plastic Ono Nuclear Band And Elton John,Bobby Keys,Tenor
1975,1970s,Cut The Cake,Average White Band,"Roger Ball & Malcolm ""Molly"" Duncan",Sax Section
1975,1970s,Sexy,Mfsb,Leon “Zach” Zachary,Alto
1975,1970s,Young Americans,David Bowie,David Sanborn,Alto
1975,1970s,Eighteen With A Bullet,Pete Wingfield Chris Mercer,Unknown,Tenor
1975,1970s,Casanova Brown,Gloria Gaynor,George Young and Lou Del Gatto,Alto
1975,1970s,Express,B.T. Express,Bill Risbrook,Alto
1975,1970s,Poetry Man,Phoebe Snow,Zoot Sims,Tenor
1975,1970s,Miracles,Jefferson Starship,Irv Cox,Tenor
1975,1970s,A Little Love And Understanding,Gilbert Becaud,Daniel Carlet,Tenor
1975,1970s,Bloody Well Right,Supertramp,John Helliwell,Tenor
1975,1970s,Born To Run,Bruce Springsteen,Clarence Clemons,Tenor
1975,1970s,If I Ever Lose This Heaven,Average White Band,Malcolm “Molly” Duncan,Tenor
1975,1970s,It's A Miracle,Barry Manilow,Artie Kaplan & Stan Schwartz,Tenor
1975,1970s,It's All In The Movies,Merle Haggard And The Strangers,Unknown,Tenor
1975,1970s,K-Jee,Mfsb,Leon “Zach” Zachary,Alto
1975,1970s,Lady Blue,Leon Russell,Jim Horn,Alto
1975,1970s,Listen To What The Man Said,Wings,Tom Scott,Soprano
1975,1970s,Love Is The Drug,Roxy Music,Andy Mackay,Sax Section
1975,1970s,Operator,Manhattan Transfer,Michael Brecker,Tenor
1975,1970s,"Shame, Shame, Shame",Linda Fields & The Funky Boys,Unknown,Alto
1975,1970s,Sun Goddess,"Earth, Wind And Fire",Don Myrick,Tenor
1975,1970s,Sweet Sticky Thing,Ohio Players,Clarence “Satch” Satchell,Alto
1975,1970s,The Zip,Mfsb,Unknown,Alto
1976,1970s,Cherokee Maiden,Merle Haggard,Don Markham,Tenor
1976,1970s,It's All In The Movies,Merle Haggard,Don Markham,Tenor
1976,1970s,LET's STICK TOGETHER,Bryan Ferry,Chris Mercer,Tenor
1976,1970s,Queen Of My Soul,Average White Band,Malcolm “Molly” Duncan,Tenor
1976,1970s,Young Hearts Run Free,Candi Staton,Michael Brecker,Tenor
1976,1970s,Under The Moon Of Love,Showaddywaddy,Jeff Daly,Tenor
1976,1970s,Making Our Dreams Come True,Cyndi Grecco,Vel Selvan a/k/a David Luell,Tenor
1976,1970s,Kiss And Say Goodbye,The Manhattans,Chris Cioe,Alto
1976,1970s,(Aus #2) What Can I Say,Boz Scaggs,Plas Johnson,Tenor
1976,1970s,(If Paradise Is) Half As Nice,Amen Corner,Unknown,Soprano
1976,1970s,A Love Of Your Own,Average White Band,Unknown,Alto
1976,1970s,Dance The Body Dance,Osibisa,Teddy Osei,Tenor
1976,1970s,Did You Boogie (With Your Baby),Flash Cadillac & The Continental Kids,Dwight Bement,Tenor
1976,1970s,Have A Good Time,Paul Simon,Phil Woods,Alto
1976,1970s,"I Do, I Do, I Do, I Do, I Do",Abba,Ulf Andersson,Sax Section
1976,1970s,Love And Affection,Joan Armatrading,Jimmy Jewell,Alto
1976,1970s,Love Is The Drug,Roxy Music,Andy Mackay,Sax Section
1976,1970s,Right Back Where We Started From,Maxine Nightingale,Peter Hughes,Baritone
1976,1970s,She's Gone,Daryl Hall & John Oates,Joe Farrell,Alto
1976,1970s,Silly Love Songs,Wings,Unknown,Tenor
1976,1970s,Still Crazy After All These Years,Paul Simon,Michael Brecker,Tenor
1976,1970s,Summer,War,Charles Miller,Alto
1976,1970s,Sunshine Day,Osibisa,Teddy Osei,Tenor
1976,1970s,Taking It To The Streets,The Doobie Brothers,Andrew White,Tenor
1977,1970s,Ariel,Dean Friedman,George Young,Tenor
1977,1970s,Native New Yorker,Odyssey,Michael Brecker,Tenor
1977,1970s,Street Corner Serenade,Wet Willie,Jimmy Hall,Tenor
1977,1970s,All You Get From Love Is A Love Song,Carpenters,Tom Scott,Tenor
1977,1970s,Daddy Cool/The Girl Can't Help It,The Darts,Nigel Trubridge,Tenor
1977,1970s,Dazz,Brick,Jimmy Brown,Alto
1977,1970s,Don't Play That Song,Adriano Celentano,Unknown,Tenor
1977,1970s,Give A Little Bit,Supertramp,John Helliwell,Alto
1977,1970s,Good Golly Miss Molly,Little Richard,Unknown,Tenor
1977,1970s,Got To Give It Up,Marvin Gaye,Fernando Harkness,Tenor
1977,1970s,Hard Rock Café,Carole King,Unknown,Soprano
1977,1970s,Hold Tight,Vicki Sue Robinson,George Young,Tenor
1977,1970s,Just Remember I Love You,Firefall,David Muse,Alto
1977,1970s,My Own Way To Rock,Burton Cummings,Jim Horn,Tenor
1977,1970s,Save It For A Rainy Day,Stephen Bishop,Ray Pizzi,Tenor
1977,1970s,Sir Duke,Stevie Wonder,Trevor Laurence,Tenor
1977,1970s,Smoke From A Distant Fire,Sanford/Townsend Band,Otis Hale,Tenor
1977,1970s,When I Need You,Leo Sayer,Bobby Keys,Tenor
1977,1970s,Year Of The Cat,Al Stewart,Phil Kenzie,Alto
1978,1970s,# 1 (#1 through #33 in 13 countries) MISS YOU,Rolling Stones,Mel Collins,Tenor
1978,1970s,Feels So Good,Chuck Mangione,Chris Vadala,Tenor
1978,1970s,Time Passages,Al Stewart,Phil Kenzie,Alto
1978,1970s,Flashlight,Parliament,Darryl Dixon,Alto
1978,1970s,Stuff Like That,Quincy Jones,George Young,Alto
1978,1970s,Lotta Love,Nicolette Larson,Andrew Love,Tenor
1978,1970s,Deacon Blues,Steely Dan,Pete Christlieb,Tenor
1978,1970s,Instant Replay,Dan Hartman,Edgar Winter,Alto
1978,1970s,Native New Yorker,Odyssey,Michael Brecker,Tenor
1978,1970s,Almost Summer,Celebration,Steve Douglas,Tenor
1978,1970s,Come Back My Love,The Darts,Nigel Trubridge,Tenor
1978,1970s,Don't Let It Fade Away,Darts,Nigel Trubridge,Alto
1978,1970s,Fm (No Static At All),Steely Dan,Pete Christlieb,Tenor
1978,1970s,Fool If You Think It's Over,Chris Rea,Steve Gregory,Unknown
1978,1970s,Got To Get You Into My Life,"Earth, Wind & Fire",Don Myrick,Sax Section
1978,1970s,Hit Me With Your Rhythm Stick,Ian Dury & The Blockheads,Davey Payne,Tenor
1978,1970s,I Just Wanna Stop,Gino Vannelli,Ernie Watts,Tenor
1978,1970s,I Love The Nightlife,Alicia Bridges,Jay Scott,Alto
1978,1970s,It's Raining,The Darts,Nigel Trubridge,Alto
1978,1970s,Just The Way You Are,Billy Joel,Phil Woods,Alto
1978,1970s,King Tut,Steve Martin,Bryan Savage,Tenor
1978,1970s,"Long, Long Way From Home",Foreigner,Ian Mcdonald,Alto
1978,1970s,Never Let Her Slip Away,Andrew Gold,Ernie Watts,Tenor
1978,1970s,Only The Good Die Young,Billy Joel,Richie Cannata,Tenor
1978,1970s,Rat Trap,Boomtown Rats,Albie Donnelly & Alan Holmes,Tenor
1978,1970s,Shame,Evelyn “Champagne” King,Sam Peake,Alto
1978,1970s,The Day The World Turned Day-Glo,X-Ray Spex,Ted Bunting,Tenor
1978,1970s,Uk (#2 Ire) Pretty Little Angel Eyes,Showaddywaddy,Unknown,Tenor
1978,1970s,Whenever I Call You Friend,Melissa Manchester,Jay Scott,Alto
1978,1970s,You Belong To Me,Carly Simon,David Sanborn,Alto
1979,1970s,) ONE STEP BEYOND,Madness,Lee “Kix” Thompson,Tenor
1979,1970s,Ooh Baby Baby,Linda Ronstadt,David Sanborn,Alto
1979,1970s,Young Blood,Rickie Lee Jones,Unknown,Sax Section
1979,1970s,Get It Right Next Time,Gerry Rafferty,Raphael Ravenscroft,Alto
1979,1970s,Night Boat To Cairo,Madness,Lee Thompson,Tenor
1979,1970s,Big Shot,Billy Joel,Richie Cannata,Sax Section
1979,1970s,Old Time Rock & Roll,Bob Seger,Unknown,Alto
1979,1970s,After The Love Has Gone,"Earth, Wind & Fire",Don Myrick,Alto
1979,1970s,Angel Eyes,Roxy Music,Andy Mackay,Alto
1979,1970s,Bustin' Loose Part 1,Chuck Brown & The Soul Searchers,Leroy Fleming,Tenor
1979,1970s,Da Ya Think I'm Sexy?,Rod Stewart,Tom Scott,Tenor
1979,1970s,Duke Of Earl,The Darts,Horace Nigel Trubridge,Alto
1979,1970s,Get It,The Darts,Horace Nigel Trubridge,Tenor
1979,1970s,Heart Of The Night,Poco,Phil Kenzie,Alto
1979,1970s,Hold On,Ian Gomm,Raphael Ravenscroft,Tenor
1979,1970s,Love Is The Answer,England Dan & John Ford Coley,Ernie Watts,Soprano
1979,1970s,Morning Dance,Spyro Gyra,Jay Beckenstein,Alto
1979,1970s,My Girl,Madness,Lee “Kix” Thompson,Tenor
1979,1970s,My Life,Billy Joel,Richie Cannata,Soprano
1979,1970s,Reasons To Be Cheerful,Ian Dury & The Blockheads,Davey Payne,Tenor
1979,1970s,Shadows In The Moonlight,Anne Murray,Vern Dorge,Tenor
1979,1970s,Song On The Radio,Al Stewart,Phil Kenzie,Alto
1979,1970s,Street Life,Crusaders,Wilton Felder,Tenor
1979,1970s,The Logical Song,Supertramp,John Helliwell,Alto
1979,1970s,This Is It,Dan Hartman,Edgar Winter,Alto
1979,1970s,Uk (#23 Bel) (#16 Ire) Tears Of A Clown,The Bear Saxa,Unknown,Tenor
1979,1970s,Uk (#26 Ire) A Night At Daddy Gees,Showaddywaddy,Unknown,Tenor
1980,1980s,Food For Thought,Ub 40,Brian Travers,Tenor
1980,1980s,Total Control,The Motels,Marty Jourard,Tenor
1980,1980s,Too Hot,Kool & The Gang,Ronald “Khalis” Bell Aka Khalis Bayyan,Tenor
1980,1980s,Geno,Dexy's Midnight Runners,J. B. Blyte,Tenor
1980,1980s,I Think I'll Just Stay Here And Drink,Merle Haggard,Don Markham,Tenor
1980,1980s,BAGGY TROUSERS,Madness,Lee “Kix” Thompson,Tenor
1980,1980s,Biggest Part Of Me,Ambrosia,Ernie Watts,Tenor
1980,1980s,Danger,The Motels,Marty Jourard,Tenor
1980,1980s,(Us Disco #24) Let's Go Round Again,Average White Band,Roger Ball,Alto
1980,1980s,I Think It's Going To Rain Today,UB40,Brian Travers,Tenor
1980,1980s,Carrie,Cliff Richard,Mel Collins,Alto
1980,1980s,Cool Change,Little River Band,Bill Harrower,Tenor
1980,1980s,Easy Love,Dione Warwick,Jay Scott,Alto
1980,1980s,Echo Beach,Martha And The Muffins,Andy Haas,Alto
1980,1980s,Funkytown,"Lipps, Inc.",Dale Mendenhall,Tenor
1980,1980s,Give It All You Got,Chuck Mangione,Chris Vadala,Tenor
1980,1980s,He Can't Love You,Michael Stanley Band,Clarence Clemons,Tenor
1980,1980s,Inherit The Wind,Bobby Womack,Wilton Felder,Tenor
1980,1980s,"Innamorata, Incavolata A Vita",Adriano Celentano,Unknown,Alto
1980,1980s,It's Still Rock And Roll To Me,Billy Joel,Richie Cannata,Tenor
1980,1980s,I'm Coming Out,Diana Ross,Eddie Daniels,Tenor
1980,1980s,Jojo,Boz Scaggs,Adrian Tapia,Tenor
1980,1980s,Late In The Evening,Paul Simon,Unknown,Sax Section
1980,1980s,Let Me Love You Tonight,Pure Prairie League,David Sanborn,Alto
1980,1980s,Let's Hang On,The Darts,Nigel Trubridge,Tenor
1980,1980s,Little Jeannie,Elton John,Jim Horn,Tenor
1980,1980s,Midnight Rocks,Al Stewart,Bryan Savage,Alto
1980,1980s,Mirror In The Bathroom,Beat,Saxa,Tenor
1980,1980s,More Love,Kim Carnes,Raphael Ravenscroft,Alto
1980,1980s,On The Radio,Donna Summer,Gary Herbig,Alto
1980,1980s,Real Love,Doobie Brothers,Cornelius Bumpus,Tenor
1980,1980s,The Seduction,James Last Band,David Sanborn,Alto
1980,1980s,Together,Tierra,Roberto “Bobby” Navarrete,Tenor
1980,1980s,Tom Hark,Piranhas,Zoot Alors,Tenor
1980,1980s,Uk (#1 Ire) (#22 Us Dance) Hands Off…She's Mine,The Beat Saxa,Unknown,Tenor
1980,1980s,Why Me,Styx,Steve Eisen,Tenor
1980,1980s,You May Be Right,Billy Joel Richard Cannata,Unknown,Alto
1980,1980s,You're The Only Woman,Ambrosia,Ernie Watts,Alto
1981,1980s,This Little Girl,Gary “U.S.” Bonds,Clarence Clemons,Tenor
1981,1980s,Jumpin Jive,Joe Jackson,Dave Bitelli,Tenor
1981,1980s,If Leaving Me Is Easy,Phil Collins,Don Myrick,Alto
1981,1980s,Same Old Lang Syne,Dan Fogelberg,Michael Brecker,Soprano
1981,1980s,Will You,Hazel O'Connor,Wesley Magoogan,Alto
1981,1980s,Ain't Even Done With The Night,John Cougar,David Woodford,Tenor
1981,1980s,Arthur's Theme,Christopher Cross,Ernie Watts,Alto
1981,1980s,Boy Meets Girl,Haircut One Hundred,Phil Smith,Tenor
1981,1980s,Come Go With Me,Beach Boys,Unknown,Alto
1981,1980s,Doors Of Your Heart,The Beat,Saxa,Tenor
1981,1980s,Giving It Up For Your Love,Delbert Mcclinton,Robert Harwell,Tenor
1981,1980s,Hard To Say,Dan Fogelberg,Tom Scott,Tenor
1981,1980s,He Can't Love You,Michael Stanley Band,Clarence Clemons,Tenor
1981,1980s,How 'Bout Us,Champaign,Kenny Soderblom,Alto
1981,1980s,I Can Take Care Of Myself,Billy Vera,Lon Price,Tenor
1981,1980s,I Don't Need You,Kenny Rogers,“Rev” Dave Boruff,Alto
1981,1980s,It Must Be Love,Madness,Lee “Kix” Thompson,Tenor
1981,1980s,Jealous Guy,Roxy Music,Andy Mackay,Alto
1981,1980s,Just The Two Of Us,Grover Washington Jr. with Bill Withers,Grover Washington Jr.,Tenor
1981,1980s,Multiplication,Showaddywaddy,Unknown,Tenor
1981,1980s,One Step Closer,Doobie Brothers,Cornelius Bumpus,Tenor
1981,1980s,Ramrod,Bruce Springsteen,Clarence Clemens,Tenor
1981,1980s,Say Goodbye To Hollywood,Billy Joel,Richie Cannata,Tenor
1981,1980s,There's No Gettin' Over Me,Ronnie Milsap,Ronald Eades,Alto
1981,1980s,Touch Me When We're Dancing,Carpenters,Tom Scott,Tenor
1981,1980s,Uk (#18 Ire) All Out To Get You,The Beat Saxa,Unknown,Tenor
1981,1980s,Uk (#18 Ire) Drowning,The Beat,Saxa,Tenor
1981,1980s,We're In This Love Together,Al Jarreau,Lon Price,Alto
1981,1980s,Why Me,Styx,Steve Eisen,Alto
1982,1980s,Waiting On A Friend,Rolling Stones,Sonny Rollins,Tenor
1982,1980s,Intuition,Linx,Chris Hunter,Soprano
1982,1980s,The One You Love,Glen Frey,Ernie Watts,Tenor
1982,1980s,Fool If You Think It's Over,Elkie Brooks,Gary Barnacle,Tenor
1982,1980s,He Got You,Ronnie Milsap,Unknown,Alto
1982,1980s,Bobbie Sue,Oak Ridge Boys,Harvey Thompson,Tenor
1982,1980s,Only The Lonely,Motels,Marty Jourard,Alto
1982,1980s,Find Another Fool,Quarterflash,Rindy Ross,Alto
1982,1980s,Same Old Lang Syne,Dan Fogelberg,Michael Brecker,Soprano
1982,1980s,'Til You're Gone,Barbara Mandrell,Ron Eades,Alto
1982,1980s,The Big Bean,Pigbag,Ollie Moore,Tenor
1982,1980s,The One Thing,Inxs,Kirk Pengilly,Tenor
1982,1980s,Love Plus One,Haircut One Hundred,Phil Smith,Soprano
1982,1980s,The Other Woman,Ray Parker Jr.,Charles Green,Alto
1982,1980s,Do It To The Music,Raw Silk,Del Franklin,Tenor
1982,1980s,I'LL BE SATISFIED,Shakin Stevens,Ray Beavis,Tenor
1982,1980s,Avalon,Roxy Music,Andy Mackay,Alto
1982,1980s,Bad To The Bone,George Thorogood,Hank “Hurricane” Carter,Tenor
1982,1980s,Big Fun,Kool & The Gang,Dennis “Dee Tee” Thomas,Alto
1982,1980s,Crazy,Supertramp,John Helliwell,Alto
1982,1980s,Daddy's Home,Cliff Richard,Howie Casey,Tenor
1982,1980s,Forget Me Knots,Patrice Rushen,Gerald Albright,Tenor
1982,1980s,Going To A Go-Go,The Rolling Stones,Ernie Watts,Tenor
1982,1980s,Hard To Say,Dan Fogelberg,Tom Scott,Tenor
1982,1980s,Harden My Heart,Quarterflash,Rindy Ross,Alto
1982,1980s,Heart To Heart,Kenny Loggins,David Sanborn,Alto
1982,1980s,It's Raining Again,Supertramp,John Helliwell,Tenor
1982,1980s,Let It Be Me,Willie Nelson,Jon Marett,Alto
1982,1980s,Make Believe,Toto,Jon Smith,Tenor
1982,1980s,Maneater,Daryl Hall & John Oates,Charlie Dechant,Tenor
1982,1980s,Never Say Never,Romeo Void,Benjamin Bossi,Tenor
1982,1980s,Our House,Madness,Lee “Kix” Thompson,Tenor
1982,1980s,Out Of Work,Gary “U.S.” Bonds,Clarence Clemons,Tenor
1982,1980s,Personally,Karla Bonoff,Phil Kenzie,Alto
1982,1980s,Pledge Pin,Robert Plant,Raphael Ravenscroft,Alto
1982,1980s,Poison Arrow,Abc,Stephen Singleton,Alto
1982,1980s,Should I Do It,Pointer Sisters,Cool T,Tenor
1982,1980s,Stand Down Margaret,The Beat,Saxa,Tenor
1982,1980s,Take Me To Heart,Quarterflash,Rindy Ross,Alto
1982,1980s,Temporary Heartache,John Swan,Geoff Oakes,Baritone
1982,1980s,Uk (#6 Ire) Nice To Talk To,The Beat,Saxa,Tenor
1982,1980s,What About Me,Moving Pictures,Andrew Thompson,Alto
1982,1980s,Who Can It Be Now?,Men At Work,Greg Ham,Tenor
1983,1980s,What About Me,Moving Pictures,Andrew Thompson,Alto
1983,1980s,Fool For Your Love,Mickey Gilley,Don “Dill” Jackson,Tenor
1983,1980s,One On One,Daryl Hall & John Oates,Charlie Dechant,Tenor
1983,1980s,CRY JUST A LITTLE BIT,Shakin Stevens,Ray Beavis,Tenor
1983,1980s,(Nz) Maxine,Sharon O'Neill,Tom Scott,Alto
1983,1980s,Africa,Toto,Jim Horn,Tenor
1983,1980s,All Time High,Rita Coolidge,Unknown,Alto
1983,1980s,Baby Jane,Rod Stewart,Jimmy Zavala,Alto
1983,1980s,Garden Party,Mezzoforte,Kristinn Svavarsson,Tenor
1983,1980s,Gold,Spandau Ballet,Steve Norman,Tenor
1983,1980s,Heart To Heart,Kenny Loggins,David Sanborn,Alto
1983,1980s,Human Touch,Rick Springfield,Richard Elliot,Tenor
1983,1980s,It Must Be Love,Madness,Lee “Kix” Thompson,Tenor
1983,1980s,Make Love Stay,Dan Fogelberg,Al Garth,Soprano
1983,1980s,Modern Love,David Bowie,Steve Elson,Baritone
1983,1980s,My Kind Of Lady,Supertramp,John Helliwell,Alto
1983,1980s,Our House,Madness,Lee “Kix” Thompson,Tenor
1983,1980s,Overkill,Men At Work,Greg Ham,Soprano
1983,1980s,Personally,Ronnie Mcdowell,Unknown,Alto
1983,1980s,Poison Arrow,Abc,Stephen Singleton,Alto
1983,1980s,Rio,Duran Duran,Andy Hamilton,Tenor
1983,1980s,She Works Hard For The Money,Donna Summer,Gary Herbig,Tenor
1983,1980s,Solid Bond In Your Heart,The Style Council,Chris Hunter,Tenor
1983,1980s,Sweet Harmony,The Beloved,Nigel Hitchcock,Alto
1983,1980s,Sweet Memory,Belle Stars,Miranda Joyce,Alto
1983,1980s,The Border,America,Raphael Ravenscroft,Alto
1983,1980s,Time (Clock Of The Heart),Culture Club,Steve Grainger,Tenor
1983,1980s,True,Spandau Ballet,Steve Norman,Tenor
1983,1980s,Uk (#9 Bel) (#2 Ire) (#12 Nl) Can't Get Used To Loosing You,The Beat,Saxa,Tenor
1983,1980s,Union Of The Snake,Duran Duran,Andy Hamilton,Soprano
1984,1980s,That's The Thing About Love,Don Williams,Jim Horn,Alto
1984,1980s,CARIBBEAN QUEEN,Billy Ocean,Vernon Jeffrey Smith,Tenor
1984,1980s,A Night In New York,Elbow Bones And The Racketeers,Unknown,Alto
1984,1980s,"Black Stations, White Stations",Martha & The Muffins,Michael Brecker,Tenor
1984,1980s,Don't Believe Anymore,Icehouse,Joe Camilleri,Tenor
1984,1980s,It's A Miracle,Culture Club,Steve Grainger,Tenor
1984,1980s,You've Got A Good Love Comin',Lee Greenwood,Lee Greenwood,Tenor
1984,1980s,Your Love Is King,Sade,Stuart Matthewman,Tenor
1984,1980s,Heart Of Rock & Roll,Huey Lewis & The News,Johnny Colla,Tenor
1984,1980s,Alibis,Sergio Mendes,Ernie Watts,Tenor
1984,1980s,Blue Jean,David Bowie,Unknown,Tenor
1984,1980s,Dance Hall Days,Wang Chung,Mel Collins,Alto
1984,1980s,Dancing In The Dark,Bruce Springsteen,Clarence Clemons,Tenor
1984,1980s,Don't Answer Me,Alan Parsons Project,Mel Collins,Tenor
1984,1980s,Don't Walk Away,Rick Springfield,Joel Peskin,Alto
1984,1980s,Get Out Of Your Lazy Bed,Matt Bianco,Ronnie Ross,Baritone
1984,1980s,Half A Minute,Matt Bianco,Ronnie Ross,Baritone
1984,1980s,Happy Ending,Joe Jackson featuring Elaine Caswell,Tony Aiello,Tenor
1984,1980s,"Hi, How Ya Doin'?",Barry Johnson,Kenny G,Tenor
1984,1980s,Mr. Solitaire,Animal Nightlife,Billy Chapman,Tenor
1984,1980s,Nelson Mandela,The Specials,Andy Aderinto,Tenor
1984,1980s,On The Dark Side,John Cafferty,Mike Antunes,Tenor
1984,1980s,Tender Years,John Cafferty,Mike Antunes,Tenor
1984,1980s,The Curly Shuffle,Jump 'n The Saddle,Tom Trinka,Tenor
1985,1980s,# 10 (Country) Don't Call It Love,Dolly Parton,CD credits include;,Alto
1985,1980s,I Believe,Tears For Fears,"William ""Will"" Owen Gregory",Alto
1985,1980s,I'm Goin' Down,Bruce Springsteen,Clarence Clemons,Tenor
1985,1980s,"LIPSTICK, POWDER AND PAINT",Shakin Stevens,Ray Beavis,Tenor
1985,1980s,Just A Gigolo/I Ain't Got Nobody,David Lee Roth,Edgar Winter,Sax Section
1985,1980s,Love Theme From St. Elmo's Fire,David Foster,“Rev” Dave Boruff,Alto
1985,1980s,Careless Whisper,WHAM! featuring GEORGE MICHAEL,Steve Gregory,Tenor
1985,1980s,Don't Stop The Dance,Bryan Ferry,David Sanborn,Alto
1985,1980s,Fortress Around Your Heart,Sting,Branford Marsalis,Soprano
1985,1980s,Freeway Of Love,Aretha Franklin,Clarence Clemons,Tenor
1985,1980s,Honor Bound,Earl Thomas Conley,Jim Horn,Alto
1985,1980s,Hurt,Juice Newton,Tom Scott,Tenor
1985,1980s,Hurts To Be In Love,Gino Vannelli,Tom Saviano,Alto
1985,1980s,I Can Dream About You,Dan Hartman,Unknown,Tenor
1985,1980s,Je Marche Seul (I Walk Alone),Jean-Jacques Goldman,Patrick Bourgoin,Tenor
1985,1980s,Keeping The Faith,Billy Joel,Sax/Horn Section Mark Riviera (,Alto
1985,1980s,Look At Little Sister,Stevie Ray Vaughan,Joe Sublett,Tenor
1985,1980s,Lost In The Fifties Tonight,Ronnie Milsap,Jim Horn,Tenor
1985,1980s,Love On The Rise,Kashif,Kenny G,Tenor
1985,1980s,Merry Christmas Everyone,Shakin Stevens,Ray Beavis,Tenor
1985,1980s,One More Night,Phil Collins,Donald Myrick,Alto
1985,1980s,One Of The Living,Tina Turner,Timmy Cappello,Tenor
1985,1980s,Rock And Roll Girls,John Fogerty,John Fogerty,Tenor
1985,1980s,Rockin' At Midnight,Honeydrippers,Keith Evans,Tenor
1985,1980s,Saving All My Love For You,Whitney Houston,Tom Scott,Tenor
1985,1980s,Smooth Operator,Sade,Stuart Matthewman,Tenor
1985,1980s,The Heat Is On,Glenn Frey,David Woodford,Tenor
1985,1980s,Tough All Over,John Cafferty,Mike Antunes,Tenor
1985,1980s,Who's Zoomin' Who,Aretha Franklin,Clarence Clemons,Tenor
1985,1980s,Would I Lie To You,Eurythmics,Martin Dobson,Tenor
1985,1980s,Yeh Yeh,Matt Bianco,Ronnie Ross,Baritone
1985,1980s,You Belong To The City,Glenn Frey,Bill Bergman,Alto
1986,1980s,Girls & Boys,Prince And The Revolution,Eric Leeds,Baritone
1986,1980s,Homecoming '63,Keith Whitley,Jim Horn,Tenor
1986,1980s,Fire In The Sky,Nitty Gritty Dirt Band,Al Garth,Alto
1986,1980s,Your Latest Trick,Dire Straits,Michael Brecker,Tenor
1986,1980s,Absolute Beginners,David Bowie,Unknown,Baritone
1986,1980s,Because I Love You,Shakin Stevens,Unknown,Soprano
1986,1980s,Breaking Up My Heart,Shakin Stevens,Ray Beavis,Tenor
1986,1980s,California Dreamin',Beach Boys,Unknown,Alto
1986,1980s,Captain Of Her Heart,Double,Christian Ostermeier,Soprano
1986,1980s,Danger Zone,Kenny Loggins,David Woodford,Tenor
1986,1980s,Digging Your Scene,Blow Monkeys,Neville Henry,Tenor
1986,1980s,French Kissin',Deborah Harry,Crispin Cioe,Alto
1986,1980s,Hello Darling,Tippa Irie,Unknown,Tenor
1986,1980s,Hip To Be Square,Huey Lewis & The News,Stephen “Doc” Kupka,Baritone
1986,1980s,How Will I Know,Whitney Houston,Premik Russell Tubbs,Tenor
1986,1980s,Is It A Crime,Sade,Stuart Matthewman,Tenor
1986,1980s,I'm Your Man,Wham,Andy Hamilton,Alto
1986,1980s,Mountains,Prince & The Revolution,Eric Leeds,Tenor
1986,1980s,Pretty In Pink,Psychedelic Furs,Unknown,Tenor
1986,1980s,Rock Me Amadeus,Falco,Unknown,Tenor
1986,1980s,Take Me Home Tonight,Eddie Money,Paul Hanson,Tenor
1986,1980s,Talk To Me,Stevie Nicks,Barney Wilen,Alto
1986,1980s,What Does It Take (To Win Your Love),Ellis Hall,Kenny G,Tenor
1987,1980s,WONDERFUL LIFE,Black,Martin Green,Alto
1987,1980s,CHINA IN YOUR HANDS,T'Pau,Gary Barnacle,Alto
1987,1980s,Don't Make Me Wait For Love,Lenny Williams,Kenny G,Tenor
1987,1980s,Walkin' A Broken Heart,Don Williams,Jim Horn,Tenor
1987,1980s,Running In The Family,Level 42,Krys Mach,Tenor
1987,1980s,At This Moment,Billy Vera & The Beaters,Jerry Peterson,Alto
1987,1980s,I Wanna Go Back,Eddie Money,Danny Hull,Alto
1987,1980s,Lonely In Love,Dan Fogelberg,Michael Brecker,Tenor
1987,1980s,Lost In Emotion,Lisa Lisa & Cult Jam,Sidney “Can't Get A Girl” Phillips,Alto
1987,1980s,One Heartbeat,Smokey Robinson,Kenny G,Alto
1987,1980s,Only In My Dreams,Debbie Gibson,V. Jeffrey Smith,Tenor
1987,1980s,Roadblock,Stock Aitken Waterman,Gary Barnacle,Alto
1987,1980s,Straight To The Heart,Crystal Gayle,Jim Horn,Tenor
1987,1980s,Walk The Dinosaur,Was,Unknown,Tenor
1987,1980s,You Got It All,Jets,Unknown,Tenor
1988,1980s,The Wanderer,Eddie Rabbitt,Joel Peskin,Tenor
1988,1980s,Roll With It,Steve Winwood,Andrew Love,Tenor
1988,1980s,Seasons Change,Expose,Steve Grove,Tenor
1988,1980s,Spy In The House Of Love,Was,David McMurray,Tenor
1988,1980s,(He's A) Shape In A Drape,Joe Jackson,Pete Thomas,Tenor
1988,1980s,", (#13 Uk) Dominion",The Sisters Of Mercy,Sampled,Tenor
1988,1980s,Do You Love Me,The Contours,Thomas “Beans” Bowles,Tenor
1988,1980s,Don't Blame It On That Girl,Matt Bianco,Ed Calle,Tenor
1988,1980s,Endless Summer Nights,Richard Marx,“Rev” Dave Boruff,Alto
1988,1980s,Fiesta,The Pogues,Jem Finer,Alto
1988,1980s,Foolish Beat,Debbie Gibson,V. Jeffrey Smith,Tenor
1988,1980s,Going Back To Cali,LL Cool J,Unknown,Tenor
1988,1980s,Got My Mind Set On You,George Harrison,Jim Horn,Tenor
1988,1980s,Hands To Heaven,Breathe,Jamie Talbot,Alto
1988,1980s,Hold On To The Nights,Richard Marx,Dave Koz,Alto
1988,1980s,Hungry Eyes,Eric Carmen,Gary Herbig,Tenor
1988,1980s,I'll Always Love You,Taylor Dayne,Richie Cannata,Tenor
1988,1980s,Kokomo,Beach Boys,Joel C. Peskin,Alto
1988,1980s,Like Dreamers Do,Mica Paris,Courtney Pine,Tenor
1988,1980s,She Wants To Dance With Me,Rick Astley,Phil Todd,Tenor
1988,1980s,She's Like The Wind,Patrick Swayze & Wendy Fraser,Gary Herbig,Tenor
1988,1980s,Small World (Part 1 & 2),Huey Lewis & The News,Stan Getz,Tenor
1988,1980s,Some Kind Of Lover,Jody Watley,Larry Schneider,Tenor
1988,1980s,Somewhere In My Heart,Aztec Camera,Soni Jonzun,Tenor
1988,1980s,The Lover In Me,Sheena Easton,Larry Williams,Alto
1988,1980s,True Love,Glenn Frey,Chris Mostert,Tenor
1988,1980s,Waiting For A Star To Fall,Boy Meets Girl,Andy Snitzer,Tenor
1988,1980s,What A Wonderful World,Louis Armstrong,Kenny G,Soprano
1989,1980s,Walk On,Reba McEntire,Joe McGlohon,Tenor
1989,1980s,Nineteen Forever,Joe Jackson,Tony Aiello,Tenor
1989,1980s,We've Saved The Best For Last,Smokey Robinson,Kenny G,Soprano
1989,1980s,Dreamin',Vanessa Williams,Ron Kerber,Tenor
1989,1980s,Cry,Waterfront,Molly Duncan,Tenor
1989,1980s,With Every Beat Of My Heart,Taylor Dayne,Joel C. Peskin,Tenor
1989,1980s,Baby Come To Me,Regina Belle,Premik Russell Tubbs,Soprano
1989,1980s,End Of The Innocence,Don Henley,Wayne Shorter,Soprano
1989,1980s,Get On Your Feet,Gloria Estefan,Mike Scaglione,Alto
1989,1980s,Iko Iko,The Belle Stars,Miranda Joyce And Clare Hirst,Sax Section
1989,1980s,Nervous,Matt Bianco,Jamie Talbot,Tenor
1989,1980s,Pacific 202,808 State,Graham Massey,Soprano
1989,1980s,Soul Provider,Michael Bolton,Kenny G,Tenor
1989,1980s,The Best,Tina Turner,Edgar Winter,Tenor
1989,1980s,Walk The Dinosaur,Was,Dave McMurray,Tenor
1990,1990s,Fallen,Lauren Wood,David Woodford,Tenor
1990,1990s,This Old Heart Of Mine,Rod Stewart With Ronald Isley,Andrew Love,Tenor
1990,1990s,Georgia,Michael Bolton,Kenny G,Tenor
1990,1990s,Everything,Jody Watley,Larry Williams,Tenor
1990,1990s,Was It Nothing At All,Michael Damian,Richard Elliot,Tenor
1990,1990s,Englishman In New York,—Sting,Branford Marsalis,Soprano
1990,1990s,Girl I Used To Know,Brother Beyond,Philip Todd,Tenor
1990,1990s,Heart Of Stone,Taylor Dayne,Richie Cannata,Tenor
1990,1990s,I'll Be Your Everything,Tommy Page,Bob Gay,Soprano
1990,1990s,"My, My, My",Johnny Gill,Kenny G,Soprano
1990,1990s,Silhouettes (Live),Cliff Richard,Ray Beavis,Tenor
1991,1990s,THE WHOLE OF THE MOON,The Waterboys,Anthony Thistlewaite,Tenor
1991,1990s,Holding On,Beverly Craven,Frank Mead,Alto
1991,1990s,All The Man That I Need,Whitney Houston,Kenny G,Tenor
1991,1990s,Do The Bartman,Simpsons,Unknown,Tenor
1991,1990s,Everything Changes,Kathy Troccoli,Richie Cannata,Tenor
1991,1990s,Gentle,Dino,Paul Taylor,Soprano
1991,1990s,I Wonder Why,Curtis Stigers,Unknown,Alto
1991,1990s,Keep Coming Back,Richard Marx,Steve Grove,Tenor
1991,1990s,Lily Was Here,David A. Stewart & Candy Dulfer,Candy Dulfer,Alto
1991,1990s,Love Is A Wonderful Thing,Michael Bolton,Marc Russo,Tenor
1991,1990s,Love On A Rooftop,Desmond Child,Chris Mostert,Tenor
1991,1990s,Shelter Me,Cinderella,Jay Davidson,Tenor
1991,1990s,Take It Back,Reba McEntire,Joe McGlohon,Tenor
1991,1990s,Unforgettable,"Natalie Cole with Nat ""King"" Cole",Pete Christlieb,Tenor
1991,1990s,Voices That Care,Kenny G,Kenny G,Soprano
1992,1990s,Breakin' My Heart (Pretty Brown Eyes),Mint Condition,Jeffrey Allen,Alto
1992,1990s,Change,Lisa Stansfield,Chris “Snake” Davis,Tenor
1992,1990s,I Love Your Smile,Shanice,Branford Marsalis,Tenor
1992,1990s,I Will Always Love You,Whitney Houston,Kirk Whalum,Tenor
1992,1990s,Iron Lion Zion,Bob Marley,Courtney Pine,Tenor
1992,1990s,Missing You Now,Michael Bolton,Kenny G,Soprano
1992,1990s,Unchain My Heart,Joe Cocker,Clarence Clemons,Tenor
1992,1990s,What Becomes Of The Brokenhearted,Paul Young,Unknown,Tenor
1993,1990s,Sade,Kiss Of Life,Stuart Matthewman,Baritone
1993,1990s,Independance,Lulu,Steve Beighton,Alto
1993,1990s,I Don't Wanna Fight,Tina Turner,Timmy Cappello,Tenor
1993,1990s,I'll Never Get Over You (Getting Over Me),Expose,Steve Groove A/K/A Euge Grove,Alto
1993,1990s,Romeo And Juliet,Dire Straits,Chris White,Alto
1993,1990s,Sweet Harmony,The Beloved,Nigel Hitchcock,Alto
1993,1990s,Tell Me What You Dream,Restless Heart,Warren Hill,Alto
1994,1990s,EVERYTHING CHANGES,Take That,Steve Beighton,Soprano
1994,1990s,One Night A Day,Garth Brooks,Jim Horn,Tenor
1994,1990s,"Baby, I Love Your Way",Big Mountain,Warren Hill,Alto
1994,1990s,Moving On Up,M People,Chris “Snake” Davis,Alto
1994,1990s,Why Haven't I Heard From You,Reba McEntire,Joe McGlohon,Tenor
1995,1990s,What Would You Say,Dave Matthews Band,LeRoi Moore,Alto
1995,1990s,Ants Marching,Dave Matthews Band,LeRoi Moore,Soprano
1996,1990s,"Fun, Fun, Fun",Status Quo With The Beach Boys,Gary Barnacle,Tenor
1996,1990s,Birmingham,Amanda Marshall,Louis Taylor,Soprano
1996,1990s,I Was Brought To My Senses,Sting,Branford Marsalis,Soprano
1996,1990s,Night To Remember,911,Steve Beighton,Tenor
1996,1990s,So Much To Say,Dave Matthews Band,LeRoi Moore,Baritone
1996,1990s,The Day We Find Love,911,Steve Beighton,Soprano
1996,1990s,The Moment,Kenny G,Kenny G,Soprano
1996,1990s,Too Much,Dave Matthews Band,LeRoi Moore,Baritone
1997,1990s,Sunshine Day,Matt Bianco,Unknown,Alto
1997,1990s,The Impression That I Get,The Mighty Mighty Bosstones,Kevin Lenear,Tenor
1998,1990s,I'll Be,Edwin McCain,Craig Shields,Tenor
1998,1990s,The City Is Mine,Jay-Z,Charles Edward Hugo A/K/A Chad Hugo,Soprano
1998,1990s,Who's Got The Hooch,Everything,Richard Bradley,Tenor
2001,2000s,Where Are You Going,Dave Matthews Band,LeRoi Moore,Soprano
2002,2000s,Work It Out,Beyonce,Chad Hugo,Alto
2004,2000s,Crabbuckit,K-Os,Christopher Plock,Tenor
2004,2000s,Mockingbird,Toby Keith and Krystal Keith,Mark Douthit,Tenor
2005,2000s,Get Right,Jennifer Lopez,Maceo Parker,Alto
2007,2000s,DESTINATION CALABRIA,Crystal Waters,Unknown,Unknown
2008,2000s,Pencil Full Of Lead,Paolo Nutini,Gavin Fitzjohn,Tenor
2008,2000s,It's Gonna Be Warm This Winter,Gabriella Cilmi,Unknown,Baritone
2011,2010s,Last Friday Night (T.G.I.F.),Katy Perry,Lenny Pickett,Tenor
2012,2010s,Dalinda,Alex Mica,Basasteanu Cosmin,Alto
2013,2010s,Punga,Klingande,Snake Davis,Alto
2014,2010s,Talk Is Cheap,Chet Faker,Unknown,Tenor
2014,2010s,Tarida,Henri Pfr With Stone Van Brooken,Unknown,Alto
2017,2010s,Bleachers,I Miss Those Days,Evan Smith,Tenor
2021,2020s,How Dare You Want More,Bleachers Evan Smith,Unknown,Tenor
